product,review,star,gender,age
ヒートテックタートルネックT（9分袖）,毎年　冬前に買ってます　主人の仕事用ですがちょうどいいみたいです,3,男性,50代
ヒートテックタートルネックT（9分袖）,中学生の息子のスキーように購入。私も後から使ってますが、着心地が良いです,4,女性,回答しない
ヒートテックタートルネックT（9分袖）,"冬の必需品です。
これを着ると寒さが和らぎ
ないと冬を越せません。",4,回答しない,回答しない
ヒートテックタートルネックT（9分袖）,"黒のＭサイズ。161cm、61㎏の私にジャストフィットです。
ヒートテックのタートルネックはかなり前に1枚（中国製、アクリル40%）、数年前にもう1枚（バングラデシュ製、ポリエステル35％）購入していますが、今回のものが着ていて一番暖かく感じます。
以前のものは着るとすぐに首回りがだらんと伸びましたが、今回のものは大丈夫です。",5,男性,60代以上
ヒートテックタートルネックT（9分袖）,"XLサイズの再販を希望します。
極暖だと厚過ぎてインナーに向きません。
クルーネックだと首回りが寒いです。
ちょうどいい薄さのちょうどいいタートルネックインナーはこれしか無いです。
何卒よろしくお願いします。",5,男性,30代
ヒートテックタートルネックT（9分袖）,"冬の次期、下着も兼ねて、気持ちよく着ています。
４、5年前のように、色を増やし、大々的に販売して欲しい。",5,男性,60代以上
ヒートテックタートルネックT（9分袖）,"薄地で温かいので下着として愛用しています。
白でも黒でも良し。冬の定番です。",5,男性,60代以上
ヒートテックタートルネックT（9分袖）,冬の日常着としてとても良いと思います。店舗に無くて、オンラインストアで購入しています。黒のみだったので、他の色も欲しいです。,5,男性,60代以上
ヒートテックタートルネックT（9分袖）,"身長177cm体重65kgでLサイズでジャストです。
タートルネックは店舗では見つけられなかったので、オンラインストアで購入しました。",5,男性,40代
ヒートテックタートルネックT（9分袖）,"BLACKのМサイズを購入しました。
毎年購入していて、毎年形や生地がアップデートされてるのか良さを感じていたが、今年のはどーなの？！生地が薄い！爪があたったらスグに破れてしまいそう。ビックリした。値上げしてコノ商品は残念な気分です。",3,男性,50代
ヒートテックタートルネックT（9分袖）,インナーとしてとても優秀、睡眠時の首冷えを抑えることもできる。文句なしの名作,5,男性,20代
ヒートテックタートルネックT（9分袖）,"クルーネックの下に着るのに最適です。
もう少し袖丈が長ければ更に良かった。",4,男性,50代
ヒートテックタートルネックT（9分袖）,ブラック購入、使用を続けていてネック部分が緩んできたので新たに購入。サイズもMからLにしてみました。まだ着用していないので分からないですが、以前の同じものはもう1年以上愛用しています。,5,男性,60代以上
ヒートテックタートルネックT（9分袖）,とにかく、暖かいです。肌触りも違和感がありません。色違いで、また購入したいです。,5,男性,回答しない
ヒートテックタートルネックT（9分袖）,"外仕事の主人の為に購入。寒い時期にはなくてはならない商品です。暖かく動くと汗ばむ時もあるようです。一部店舗販売ではなく、全店舗で購入できるようなると更に良いです。
",4,女性,回答しない
ヒートテックタートルネックT（9分袖）,首の締め付けも無く暖かさがとても良い。今までタートルは着ていなかったが一つは持っていた方が良いと思いました。,5,男性,60代以上
ヒートテックタートルネックT（9分袖）,並みの寒さには対応していますが、厳しい寒さには難しいかな・・・と思えます（個人の感想）,3,男性,60代以上
ヒートテックタートルネックT（9分袖）,主人がインナーとして着ています。暖かいので、愛犬の散歩に着ています,5,男性,60代以上
ヒートテックタートルネックT（9分袖）,"あえてワンサイズアップで着用してます。パツパツ感がなくなり一枚着でも見た目下着っぽくなく違和感ないです。
外出時はジャケットなど着用。マフラー無しでも暖かいし重宝してます。",5,男性,回答しない
ヒートテックタートルネックT（9分袖）,"ヒートテックタートルネックT(９分袖)を購入しました。
コスパも最高、サイズ感も申し分ありません。
季節的にも最高です。",5,男性,60代以上
ヒートテックタートルネックT（9分袖）,冬の防寒着はタートル。普段に使うにも、スキーに着るのもありです。,5,男性,15 - 19歳
ヒートテックタートルネックT（9分袖）,"主人が着用しています。
セーターやトレーナーを着る時に、重ね着として着ている事が多いです。",4,女性,回答しない
ヒートテックタートルネックT（9分袖）,冬場のゴルフに最高のアイテム！袖の長さがプレイに邪魔にならずそれでいて暖かい！,5,男性,回答しない
ヒートテックタートルネックT（9分袖）,黒、Lサイズを購入。カラダにフィットしかなりの寒さのでも大丈夫。,4,男性,60代以上
ヒートテックタートルネックT（9分袖）,ブラックを購入しました。ピッタリとしていいですが、ハイネックに慣れてないので、首廻りがモヤモヤします。,3,男性,60代以上
ヒートテックタートルネックT（9分袖）,"薄くもなく分厚いくもなく丁度良い。
体にフィットする感じが良い。
スケ感もなし。",5,男性,回答しない
ヒートテックタートルネックT（9分袖）,とにかく冬のバイクは寒い！防寒防風のウェアで装備、首周りにもネックウォーマーを使うがそれでも足りないのでこのタートルネックのヒートテックを購入。首の部分が長めなので調節出来て良い。ジャケットのエリが直接当たらなくなるのも良い。勿論とても暖かい。,5,男性,60代以上
ヒートテックタートルネックT（9分袖）,"ユニクロでのおすすめや今まで買ってきたのはすべてXL。だけど在庫がないからL
を買ったつもり。ところが届いたのはＭ
。返品するのもあれだし間違えたのは自分だしで着てみました。流石に小さいんだけど着れた。というかコンプレッションインナーのような着心地。2サイズ小さくても伸びてしかも首回りも苦しくない。あとは時間が経てば伸びていい感じになるまでそだてるだけ。",3,男性,60代以上
ヒートテックタートルネックT（9分袖）,"暖かくて良いです！
外での仕事なのでインナーに使ってます！",5,その他,回答しない
ヒートテックタートルネックT（9分袖）,"いつも購入して思うのがハイネックが長すぎです。折り畳んだら首周りが窮屈。
女性用で出ているこれの半分くらいのハイネックを是非出して欲しい！",3,男性,回答しない
ヒートテックタートルネックT（9分袖）,"素材の割合が前の物と変わった為か
触った時から暖さを感じない。
具体的にいうと、レーヨンとアクリルのパーセンテージが逆転しているのが原因かどうかはわかりませんが。あくまでも私個人の感想ですが、前のが良かったです。",2,男性,50代
ヒートテックタートルネックT（9分袖）,"MEN Mサイズ黒購入。細身息子着用
とても着やすくダランとした感じにはならず洗濯も裏返しネットに入れたら
風合いも今のところ変わらないです。
ダンガリーやネルシャツのインナーしても
スッキリして良い感じです。",4,女性,50代
ヒートテックタートルネックT（9分袖）,どうしてこの商品のXLのサイズがなくなってしまったんでしょうか。極暖とか上位シリーズにはあるんですが、私はこの商品のXLが欲しいです。,5,男性,40代
ヒートテックタートルネックT（9分袖）,"今年はレディースでこの薄さのヒートテックタートルが探しても見当たらず、極薄の物しか販売が無いと店員さんに言われたので、メンズのこちらを購入しました。
ちなみにレディースのヒートテックはXLを着ています。
おすすめはMだったので Mサイズを購入。
少し大きかったのでSサイズが欲しかったけど在庫切れで残念。
でもお尻が隠れる丈で暖かいので満足です。
極暖や超極暖だと暖房の効いた室内に入ると汗をかいてしまうので、やはりこのくらいの薄さのヒートテックが丁度いいです。
今年販売している薄い生地のヒートテックは一枚では着られません（色によっては下着が透けます）
この生地と同じ薄さで無地、ヒートテックタートルを再販してください。お願いします。
",5,女性,回答しない
ヒートテックタートルネックT（9分袖）,"タートルネックまで9分袖にする必要は無い。
当初ビジネマンのシャツからはみ出ない配慮で分袖が登場したと記憶していますが、それ以外のトップスの下に着るには普通にフルレングスが良い。
通常丈と9分袖を併売しているなら納得するが、全種類9分袖っていうのが腹立たしい。",1,男性,回答しない
ヒートテックタートルネックT（9分袖）,普段着とゴルフウェアインナーとして使えるかなと思って購入。年も年なので落ち着いた感じで良いと思います。,5,男性,50代
ヒートテックタートルネックT（9分袖）,"仕事、釣りに欠かせないアイテム真冬の海でも暖かく釣りに欠かせないです
",5,男性,回答しない
ヒートテックタートルネックT（9分袖）,インナー用に買いましたが、インナー以下にも使え重宝しています。,4,男性,60代以上
ヒートテックタートルネックT（9分袖）,"タートルでないと冬は寒いので毎日これを着ている。
色々なメーカーの発熱素材インナーを試したけれども、結局はユニクロのヒートテックに戻ってしまう。品質は試したどのメーカーよりもいいと思う。経年によるフィット感の減衰が少ない。他社のものはすぐにデロデロになる印象。
ユニクロヒートテックは、2シーズンまで快適に着れる。3シーズン以降は2着を毎日着まわしているとだんだんとデロデロとフィット感が足りなくなってきて寒い。
他社製品はもっと早くダレるので、やはり冬はこれしかない。",5,男性,50代
ヒートテックタートルネックT（9分袖）,"下着のカテゴリーだけど下着感無くて良い
ただ首が伸びやすくて早く着られなくなるのは改善して欲しい
極暖よりはましだけど",4,男性,50代
ヒートテックタートルネックT（9分袖）,"私の体格は細めだけど、レディースよりメンズの方が袖丈が長いと思って購入したが、思ってよりも短かった。
でも、首のあたりは満足。
サラッと着られてインナーに活躍してます。
もう少し袖を長くできないのかな？
",4,女性,50代
ヒートテックタートルネックT（9分袖）,"ゴルフに使用しましたが、冷えた朝一スタートでも寒さを感じませんでした。
シンプルな見た目で肌ざわりもいい感じでした。",5,男性,50代
ヒートテックタートルネックT（9分袖）,"薄手で細身なので、フィット感が良いです。
極暖等に比べると保温性こそ劣りますが、
室内でも暑くならないので、使い勝手が良いです。

ジャストめのシャツ、スウェット、ニット等のインナーに最適です。",5,男性,20代
ヒートテックタートルネックT（9分袖）,"購入カラーは、ブラックです。
サイズ感は、ピッタリとした感じですが、首周りがきつかったです。
ただ、保温性というめんでは、肌に吸い付くような感触で、暖かさが外に逃げにくい感覚です！！
次回は、ワンサイズ大きめを購入しようと思います。",5,男性,40代
ヒートテックタートルネックT（9分袖）,"店舗での販売が無かったため、こちらで購入しました。薄くて暖かさもあり、中着にちょうどよく毎日着ています。
",4,男性,40代
ヒートテックタートルネックT（9分袖）,"黒で、とても暖かく、身体にフィットした。
3着買ってしまいました。",4,男性,60代以上
ヒートテックタートルネックT（9分袖）,冬場にこれがあればシャツやパーカーなんかて合わせる事で色々なパターンとして使えるし、ヒートテックで暖かいです。,5,男性,50代
ヒートテックタートルネックT（9分袖）,タートルネックはこの寒い季節中高年層には助かります!,5,男性,60代以上
ヒートテックタートルネックT（9分袖）,黒を購入。会社にも着ていけるので、とても役立つ。肌触りも気持ち良い。,5,男性,50代
ヒートテックタートルネックT（9分袖）,"部屋着や就寝時の下着としてワンサイズ大きいものを敢えて使用しています
ゆったりと着こなせてますが首回りの寒さは感じません
フリースの上下とセットで使用しており
室内での防寒に最適です
",5,男性,40代
ヒートテックタートルネックT（9分袖）,"黒色購入しました。Ｍサイズです。
体のフィット感は調度良いのですが首周りが苦しい感じがします。",3,男性,50代
ヒートテックタートルネックT（9分袖）,暑すぎずちょうど良い着心地です。また購入したいです。,5,男性,回答しない
ヒートテックタートルネックT（9分袖）,"薄さがいいです。
合せやすいライトグレーの復活を切に望みます。
冬場は毎日着用しています。",5,男性,60代以上
ヒートテックタートルネックT（9分袖）,"黒のＭサイズを購入しました。
薄手ですが暖かく重ね着してもモコモコしないので重宝します。",4,男性,50代
ヒートテックタートルネックT（9分袖）,本格的な冬を迎え、半袖丸首のヒートテックから、こちらに移行しました。とても暖かいです。タートルネックの上に九分袖なので、薄いですが、満足のいく暖かさです。,5,男性,60代以上
ヒートテックタートルネックT（9分袖）,首元があったまる。また、９分袖もちょうどよい長さで着心地が良い。,4,男性,60代以上
ヒートテックタートルネックT（9分袖）,ピッタリサイズを買って着たら、最初は良いかなと思ったら、時間がたつにつれちょと寒さを感じる。ちょっと薄い感じ,4,男性,50代
ヒートテックタートルネックT（9分袖）,"黒、ゴルフの時のアンダーで着てます。
動きやすいし、重ね着もしやすいので
重宝します。",5,男性,50代
ヒートテックタートルネックT（9分袖）,WebでXS購入した。サイズがピッタリ、いつも首周りに空きができて寒いけど問題なく暖かい。,4,男性,回答しない
ヒートテックタートルネックT（9分袖）,黒、丁度いい、外出にはトータル2枚、薄着ができます。,4,男性,60代以上
ヒートテックタートルネックT（9分袖）,着る時に前後を間違えることが、アンダーウェア全般にある。タートルだと特に。首のタグは肌にあたるし、プリントだと目立たないし，タートルの場合見えない。裾の表側の前に、わかりやすくロゴマークか何か縫いつけてはどうか。,4,男性,60代以上
ヒートテックタートルネックT（9分袖）,"タートルネックになっているので、冬のインナーにちょうどいいです。
極暖などですと、熱くなりすぎます。
今シーズンは生産がないのが残念でしたが、在庫があり良かったです。
2〜4枚を着回していますが、1シーズンでヨレてくるので、毎年生産してほしいです。",5,男性,40代
ヒートテックタートルネックT（9分袖）,以前買ったヒートテックはサイズがちょうど良かったが 今回のサイズは少し小さいく首の周りが少し苦しい,2,男性,60代以上
ヒートテックタートルネックT（9分袖）,色々と浮気はしましたがやっぱりユニクロのヒートテックが1番です！長持ちもするしフィット感もいいです！タートルネックが店舗に置いてないのはとっても残念です！,5,男性,50代
ヒートテックタートルネックT（9分袖）,"息子がセーターを着るとチクチクすると嫌がるので下に着せる為に購入しました。
重宝しています。",4,女性,回答しない
ヒートテックタートルネックT（9分袖）,発売されて以来、夏も冬もタートルネックを毎日愛用してます。今後もずっとそのつもりでいましたが、店舗で販売中止と聞いて途方に暮れております。,5,男性,60代以上
ヒートテックタートルネックT（9分袖）,"黒色
急に季節が変わり、バイクに乗るので買いました。てっても保温効果があり、お気に入りになりました。
",5,男性,50代
ヒートテックタートルネックT（9分袖）,"暑がりな為、こちらの商品で十分。
インナーなので、ピッタリめを選択。
",5,男性,20代
ヒートテックタートルネックT（9分袖）,ゴルフをする父親に購入しました。秋冬ゴルフ時期に首まで暖かいそちらを購入して良かったなと思います。早速ゴルフに着ていったそうですが、薄手でゴルフウエアーにも邪魔にならずいい感じだそうです。,5,女性,30代
ヒートテックタートルネックT（9分袖）,数年ぶりにヒートテックインナーを買い替えました。肌触りはとても良くなっている気がしますが着丈に対して袖の長さが短いように感じます。もう少しゆとりが欲しいのでワンサイズ上の購入をおすすめします。,3,男性,30代
ヒートテックタートルネックT（9分袖）,"年を取ると首が冷えてしまうため、首を暖めるためにタートルネックのヒートテックを購入しました。
首が暖かく締め付け感もないため、とても満足です。
色の展開を増やして、店舗でも買えるようしてくれると嬉しいです。",5,男性,30代
ヒートテックタートルネックT（9分袖）,定番の着心地です。が、なかなかリアル店舗で買えません。店舗在庫とカラー展開をお願いしたいです。,5,男性,60代以上
ヒートテックタートルネックT（9分袖）,"過去4,5年毎年購入して来ました。
薄さが最高でした。是非再販してください。",1,男性,50代
ヒートテックタートルネックT（9分袖）,以前は5色ぐらいはあったのに2色でそれもオンラインでしか購入できない。せめてホワイトを復活を!!,4,男性,60代以上
ヒートテックタートルネックT（9分袖）,前回と同じくMサイズを購入したが、全体に小さく感じる、ピチピチでした、Lで良かったです,2,男性,50代
ヒートテックタートルネックT（9分袖）,"主人が冬になると、毎年　当たり前のようにヒートテックのタートルネックを購入しています。今年も前に着ていた物を処分後、購入しようと思ったら店舗では、お取り扱いがありません。とのこと…ネットならあります。との事なので、焦って検索しましたが、ＸＬのサイズは、もうありません。なぜ今年から店頭販売しなくなったのでしょうか？
極暖では、生地が厚くてイマイチです。
ぜひ店頭販売をお願いします。

",5,女性,50代
ヒートテックタートルネックT（9分袖）,"今年は店頭にヒートテックのタートルネックが発売されなくてすごく残念です。
薄手のタートルネックはハーフジップと合わせるのにすごく重宝してるので再販強く希望します！",5,男性,30代
ヒートテックタートルネックT（9分袖）,"冬場になると重ね着するので
タートルネックの下着が便利
洗濯物が乾かないので
タートルネックの下着だけ毎日替えてます",5,男性,50代
ヒートテックタートルネックT（9分袖）,毎年、主人用にヒートテックのタートルを購入していますが、今年から店頭では販売しておらず困っていました。極暖を1枚購入しましたが、作業していると暑すぎるようです。他のメーカーを探さないといけません。是非、再販をお願いします。,1,女性,50代
ヒートテックタートルネックT（9分袖）,生地がとてもしっとりヒットします。分厚過ぎず、薄過ぎず丁度良い。,5,男性,60代以上
ヒートテックタートルネックT（9分袖）,"主人の仕事が外なので作業着のインナーとしてずーっと愛用してましたが今年急に無くなってショックでした。
ネットで見つけた時はホッとしましたがこのままなくなってしまうのではと不安です。
是非復活を願っております。",5,女性,60代以上
ヒートテックタートルネックT（9分袖）,特にがっしりしているわけではないと思うのだが、自分には首周りがキツい。他のヒートテックと同じでデローンとなってくれたらちょうどいいかもしれないが、そうしたらタートルネックもだらしないし悩みどころ。,3,男性,回答しない
ヒートテックタートルネックT（9分袖）,"今まで毎年のように買っていたヒートテックタートルネックTですが、今年から店頭で販売していなかったので驚きました。
ネットでは販売してたので注文しましたが
もう在庫が無くなり次第無くなってしまうのですか？
極暖はタートルネックがありましたが都会で着るには暑すぎて着られません。
是非、再度販売して頂きたいです。
",5,男性,50代
ヒートテックタートルネックT（9分袖）,クルーネックも持っているが真冬になるとやはり寒くて、タートルを買ってみた。断然に暖かい。クルーネックに合わせてMサイズを購入。身幅は同じく丁度よいが首周りは最初はタイトに感じた。それでLサイズも買い足した。5回くらい着用洗濯したMサイズと新品Lサイズの首幅を比べたら、使用済みMサイズの方が広くなっていた。標準ヒートテックは着用洗濯で伸びてくるので身幅で購入してよいのかも。色が少ないのが不満だがブラックだとTシャツから首元が見えてもそんなに変じゃないのでブラックは良いと思う。極暖のタートルの方は首元がスカスカのようなので暖かさを求めるなら標準ヒートテックのタートルは買いだと思う。,5,男性,回答しない
ヒートテックタートルネックT（9分袖）,こちらのメンズ用タートルネックのヒートテックが店頭には売ってなく、お店で確認したところ今年はメンズ用タートルネックのヒートテックはないとのことで困ってました。たまたまオンラインで見つけて購入できましたが、主人と息子が着るのになくては困るタートルネックのヒートテックです。ぜひ来年は復活お願いします。,5,回答しない,回答しない
ヒートテックタートルネックT（9分袖）,外作業する夫用に購入しました。文句をいつもいう人ですが、素直に着用しているのでいいのだと思います。首周りがきつ目は嫌がるのですが、キツくなく着用できているようです。よかった！,5,男性,60代以上
ヒートテックタートルネックT（9分袖）,"仕事の時に　着用させて頂いてます壁のない吹きっさらしの倉庫での　仕事の為　必須アイテムです
腰痛持ちで　コルセットを付けるのですが　レディースでは　丈が短く　作業している間にずれてしまって　困ってしまい　メンズを着用してます
首元が隠れるだけで　寒さの感じ方は違います
お願いですから　失くさないで下さい",5,女性,40代
ヒートテックタートルネックT（9分袖）,"レディースでは袖が短いためメンズのⅯで購入していましたが、今年は短すぎです。9分袖なので、くるぶし-1cmぐらいにはなると思っていたのですがくるぶしから-５ｃｍはさすがに短かいです。
サイズ間違えているのか再確認したぐらいです。
身幅は昨年と変わらずゆったり…1分って3cm短くなるだけだと思うのですが？
今年は未だ1枚しか購入していなかったので買い足しは諦めます。毎年サイズ感が大幅に変わる様なので今後はまとめ買いせず今回のように1枚買って確認してから追加購入の方がいいですね。
　　　",2,女性,回答しない
ヒートテックタートルネックT（9分袖）,"サイズ感、フィット感ともに良好です。首部分がもう少し長くても良かったです。
",4,男性,50代
ヒートテックタートルネックT（9分袖）,アウターシャツの袖口からはみ出さない絶妙な袖丈は、想定以上のフィット感と見た目の良さを実感できました。,5,男性,50代
ヒートテックタートルネックT（9分袖）,"やはり〜首までシッカリあるので
首の後ろが寒くなくて
いいです。",5,女性,60代以上
ヒートテックタートルネックT（9分袖）,"スタッフの方から会社として極暖推しと聞き、店舗で購入できなくなったのが残念。
極暖では厚すぎるので、重ね着するにはちょうど良いと主人の感想。
廃盤になってしまったら困るので、ストック用に買っておきました。
店舗でも購入できるように定番化してほしいです。

",5,女性,50代
ヒートテックタートルネックT（9分袖）,"相変わらず柔らかく暖かいです。
重ね着を、するのにも着やすいです。
ただ　乾燥してしまうのが残念ですが、それでも問題無しだと思います。",4,女性,50代
ヒートテックタートルネックT（9分袖）,薄い生地で下着の代わりなので、かさばらないで暖かく着れます。,4,男性,60代以上
ヒートテックタートルネックT（9分袖）,肌触り着心地暖かさ全てが満足行くものです。黒２枚購入しましたが、アンダーウェアとしても、セーターとか合わせても良しで重宝しています。,5,男性,60代以上
ヒートテックタートルネックT（9分袖）,これで5着目です。汗かきなので冬場でも丁度良い着心地です。,4,男性,40代
ヒートテックタートルネックT（9分袖）,薄いけど暖かいです。少しザラザラしていて気持ちいい。,5,女性,40代
ヒートテックタートルネックT（9分袖）,もう何年になるだろう。冬に近づくと必ず購入して来た。私にとって冬の定番商品。継続販売を望む,4,男性,60代以上
ヒートテックタートルネックT（9分袖）,"薄手のヒートテック
着心地はとても良いです

薄手なのでどの服とどう合わせるかは悩むところです
普通のヒートテックと普通のタートルネックを買った方が使いやすかったかも",4,男性,回答しない
ヒートテックタートルネックT（9分袖）,当初は薄いので暖かいか不安もあったが着てみるととても着心地が良く暖かった。,4,男性,60代以上
ヒートテックタートルネックT（9分袖）,薄くて暖かい。数年おきに購入しています。グレーの在庫が無かったのでブラックを購入しました。,5,男性,50代
ヒートテックタートルネックT（9分袖）,"女性ですが、ネックの高さ・薄さ・着丈・身幅が程よく、また、手首が留まるのが好きで、ヒートテック全般 長年メンズを愛用しています。
164cm・52kgでMサイズです。
マイナスな点は、袖丈が短い事！
せめて10分袖を作って下さい！
女性でも短いと思うので、男性の方はもっとそう思うのではないでしょうか？
手首が寒いです。
長年 袖丈が改良されず残念です。
是非、来期はお願いします！",4,女性,40代
ヒートテックタートルネックT（9分袖）,首も温めたいけど、あまり分厚いのも……というのにこの標準のHEATTECHは最高です。下着ぽくないので、ラウンドネックでのレイヤードがおすすめです。,5,男性,30代
ヒートテックタートルネックT（9分袖）,今まで、毎年購入していましたが、残念です。フリースやセーターの下に重ね着していますので、薄さが良いです。極暖タイプを購入しましたが、ネック周りが大きく首が寒いです。来年は再販してください。カラーもネイビーを出してください。,5,男性,回答しない
ヒートテックタートルネックT（9分袖）,"昨年まで使っていたものがくたびれたので
創業祭を待っての購入です
やはり、新しいのは暖かいと好評です",5,女性,回答しない
ヒートテックタートルネックT（9分袖）,"感謝祭の際に購入し、レビューは遅れましたが、お安く購入出来て良かったです！
着心地も良くて、とても温かいです！
もう少し購入すれば良かったかなと思いました。",5,女性,回答しない
ヒートテックタートルネックT（9分袖）,インナーとして購入。首元が寒いのが苦手なのでちょうどいい,4,男性,50代
ヒートテックタートルネックT（9分袖）,このしょうひんは、フィット感があり、すごくあたたかい！,4,男性,回答しない
ヒートテックタートルネックT（9分袖）,"いつもヒートテックを購入させて頂いています！
極暖では暑いので当初から販売のヒートテックが最良です！！
寒いときはヒートテックを重ね着します。
復活よろしくお願い致しますm(__)m",5,男性,60代以上
ヒートテックタートルネックT（9分袖）,"息子たちのヒートテック タートルネックTを買い替えに行ったら、男性用もキッズも廃盤になっていて手に入らなかったです。

男性用は極暖はありましたが、暑すぎるので買ったことはありません。
発売当初から冬の必需品ですので、是非とも復活をお願いします。",1,女性,40代
ヒートテックタートルネックT（9分袖）,シャツやカーディガンのインナーにも合わせやすく、薄手なのに暖かいので重ね着しても気にならない。,4,男性,60代以上
ヒートテックタートルネックT（9分袖）,これすでに安定の温かさですよ　どのコーデともバッチリ,5,男性,50代
ヒートテックタートルネックT（9分袖）,"夫にタートルネックを買い足そうと店舗に行ったら売ってなくて、店員さんに聞いたら、今年はレディースはお作りがありますがメンズはタートルネックは極暖しか無くなりましたと。極暖では重ね着には暑すぎるんです。
レディースも普通のが無くなり、極薄とかいう名前の付いたタートルネックが何色も色違いで出てるのが今年のものみたいですが、男女共、昔ながらのヒートテックタートルネックをベーシックな色で良いので復活させてください。
ホントに困ってます。",1,回答しない,50代
ヒートテックタートルネックT（9分袖）,タートルネックMでは首周り苦しいのでLにしてみたが、これでも苦しいです。しかし、XLは在庫がない。,2,男性,50代
ヒートテックタートルネックT（9分袖）,"仕事で使用してます。
暖かくて軽いのがとても良い。
",5,男性,50代
ヒートテックタートルネックT（9分袖）,"タートルネックのヒートテックが欲しくて購入。
肌触りが良く心良いです。",5,男性,60代以上
ヒートテックタートルネックT（9分袖）,"極暖ではないヒートテックのタートルがワイシャツの下に着ると快適です。
以前はホワイトもあったと思いますが、もうコレ作らないのでしょうか？
復活を願っています",5,男性,回答しない
ヒートテックタートルネックT（9分袖）,"仕事で着用してます。
冷蔵倉庫で仕事をしているのですが、作業着の下にこれを着用するだけですごく暖かいです！
",5,男性,50代
ヒートテックタートルネックT（9分袖）,"中3の息子用に購入しました。
今までのヒートテックよりも柔らか生地で気持ちいいみたいです！
",5,回答しない,回答しない
ヒートテックタートルネックT（9分袖）,この薄さで大丈夫かと思いますが、しっかりあたたかいです。外仕事をしていますが、極暖などは暑すぎてのぼせてしまうのでこちらを長年愛用してます。シーズンはじめに買いだめします。,5,男性,40代
ヒートテックタートルネックT（9分袖）,"ここ数年はこの製品を冬場のインナーとして愛用してます。グレーと黒をそれぞれ数枚購入し、スーツの日以外は毎日着用してます。
タートルネックですが、首周りもゆとりがあるため、冬場のスポーツ時のインナーとしても活用しています。
取扱い店舗が限られている？もしくは生産数が少ない？最近、店舗での入手性が良くないため、オンラインで在庫がある時にまとめ買いしてます。
極暖などより遥かに薄い、この薄さが気に入っています。",5,男性,40代
ヒートテックタートルネックT（9分袖）,タートルネックなので、首元までとても暖かいです。仕事用と普段着用に色違いで買いました。仕事の時は大袈裟かもしれないけど、これを着て仕事用シャツだけでも平気です。,5,男性,50代
ヒートテックタートルネックT（9分袖）,極暖ではなく超極暖でもないヒートテックのハイネックがインナーには重宝。冬は暖房が効いているので極暖では暑過ぎるのです。でも最近少なくて残念。私が買いそびれただけなのか。,5,男性,40代
ヒートテックタートルネックT（9分袖）,"ブラックを購入、着心地はよく、外出時のインナーとして着用。
首までしっかり暖かい。",5,男性,回答しない
ヒートテックタートルネックT（9分袖）,"寒い時期に、ワイシャツやカジュアルシャツの下に着ている。
ワイシャツの下ではアスコットタイの替わりにもなるし、襟汚れも防げるので重宝している。カラーバリエーションを増やして欲しい、キャメル、ブラウン、ワイン等をよろしく。",5,男性,60代以上
ヒートテックタートルネックT（9分袖）,"暑がりの自分でもさすがに北海道の冬はツラいので購入。
極薄の生地ですが肌に密着したヒートテックなのでとても暖かいですね。
色がブラック・グレーしかないので、色違いの生産を是非検討して頂きたいです。",5,男性,40代
ヒートテックタートルネックT（9分袖）,"肌触りと着心地がよく、しかも、暖かい。
値段も手頃で言うことなし",4,男性,50代
ヒートテックタートルネックT（9分袖）,"タートルネックで袖口がしぼってあるのが暖かくて気に入り購入しました。ヒートテックは毛玉にならないので、毛玉が出来やすい厚手インナーに重ね着するとカットソーのようにきれいに着られます。9分袖なので、女性が着ても長すぎず、
ちょうどよいです。以前のように光らないマットな生地感だと もっとよいと思います。

",5,女性,50代
ヒートテックタートルネックT（9分袖）,"首元がクシャクシャになるので見た目が酷すぎて、全然使わなくなりました。
タートルネックの部分だけでいいから、分厚くしてきちんと立つようにして欲しい。
",1,男性,50代
ヒートテックタートルネックT（9分袖）,"黒のヒートテックはどれも洗濯ですぐ日焼けして茶色くなる。肩だけとか。
そろそろ変色しにくいように改善してほしい。",4,女性,50代
ヒートテックタートルネックT（9分袖）,息子のために購入しました。光熱費の値上がりで効率的な暖房が求められる中、首元も暖かく気にいっているようです。,5,男性,60代以上
ヒートテックタートルネックT（9分袖）,"首まわりのゆとりが丁度よく、着心地がいい。
冬は必須。",5,男性,40代
ヒートテックタートルネックT（9分袖）,タートルを着てしまうと首が温かいだけで体感も随分変わります。肌触りも良くインナーにぴったりです。,5,男性,回答しない
ヒートテックタートルネックT（9分袖）,腕が短い方なので、9分袖だと腕周りがうるさくならなくて良いです。,4,男性,50代
ヒートテックタートルネックT（9分袖）,ダークグレイ、薄く暖かい、ネック部分が少し長すぎる。とんでもなく寒い日には良いと思います。,4,男性,50代
ヒートテックタートルネックT（9分袖）,寒さ対策で、黒とグレーを購入しました。正直、ファッション性を損ない、寒さはないよりはマシなのかと思っていましたが、程よく温かくファッション性も悪くありませんでした。ただ長く使うにつれてやや毛玉になりやすい部分があります。毎年進化されているようなので、来年に期待です。,4,男性,50代
ヒートテックタートルネックT（9分袖）,"安定の商品ですね。
肌触りも最高!
また、次のシーズンもリピします",5,男性,40代
ヒートテックタートルネックT（9分袖）,黒とグレーを１枚ずつ購入。ダウンジャケットの下に着用したくて広告のチラシを見てイーアス高尾店へ。ところが広告のタートルのヒートテックは女性用しかない。と女性スタッフの方からのご案内。一番大きなサイズを試着させられた。ぴっちぴちのぱっつんぱっつんで諦めてダウンだけ買おうと精算レジへ向かったが、駄目もとでレジ近くにいた男性スタッフに確認。何と、オンラインストア限定で販売していると。早く言ってよ〜！その場でサイトにログインし注文した。昨年末から今年の初めにかけて八王子は記録的な寒さ。基本夜勤の私。屋外での作業も多いのだが、−10°Ｃ以下の夜もこのヒートテックタートルＴとウルトラライトダウンジャケットの組合せで乗り切った。何より肩コリの原因になるネックウォーマーを使う必要がなくなったのは驚き。オンラインストアをご案内くださったあの時の男性スタッフの方。この場を借りて感謝感謝ありがとうございました。,5,男性,60代以上
ヒートテックタートルネックT（9分袖）,"暖かくて嵩張らず、かなり重宝します。
ハイネックニットのインナーとして
毎年大活躍になりそうです。",5,男性,50代
ヒートテックタートルネックT（9分袖）,サラッと1枚で着れて使い回しも良く、生地が薄いので革ジャンとの相性もgoodです。袖が9分丈なのが実は秀逸です。,5,男性,50代
ヒートテックタートルネックT（9分袖）,柔らかな生地で肌に優しくしっかり暖かいので重宝してます。秋が近づいたらもう一着買おうかと思っています。,5,男性,30代
ヒートテックタートルネックT（9分袖）,中学生の息子用に購入。キッズの160センチが小さくなったため、メンズサイズに移行。暖かさはもちろん、洗濯しても乾きが早いので冬の時期は愛用。レディースのLサイズと迷ったけれど、袖の部分がメンズだと絞ってあって、捲り上げた時に落ちてこないのでこちらを購入。大満足だったので、サイズアウトしたらまた購入したい。,4,回答しない,回答しない
ヒートテックタートルネックT（9分袖）,冬に中に着る用に使用しており、控え用に購入。中に着ると温かい。,3,男性,50代
ヒートテックタートルネックT（9分袖）,"黒  LサイズとMサイズを購入
身長176cm 体重66kg
どちらのサイズでも大丈夫ですが
Mサイズはピッタリ
Lサイズは若干余裕がありました。
とても暖かく助かりました。",5,男性,50代
ヒートテックタートルネックT（9分袖）,購入カラー黒、寒い季節の仕事着としていつも購入しています。作業着の下に着ても薄手なので邪魔にならずに暖かく手離せません。,5,男性,20代
ヒートテックタートルネックT（9分袖）,こちらを買っておけば間違い無いのでユニクロに行ったら買うようにしています,5,女性,60代以上
ヒートテックタートルネックT（9分袖）,"身体にフィットして着やすく温かい
値段以上の価値有り",4,男性,50代
ヒートテックタートルネックT（9分袖）,"自分は首の狭窄症がある為、冬は常に首を温める必要があるので毎年タートルネックで買っています。
これを着ていれば首が痛くなる頻度が少なくて助かっています。
もうヒートテックなしではいられません。
ただ、店舗に置かなくなったのはショックです。
来シーズンはまた店舗で買えると嬉しいです。",5,男性,40代
ヒートテックタートルネックT（9分袖）,ハイネックのセーター着用時いつも首元がイガイガするのでインナーにこれを着用したらばっちりでした、,5,男性,50代
ヒートテックタートルネックT（9分袖）,１０分袖が欲しいです。それ以外に不満はありません。,3,男性,50代
ヒートテックタートルネックT（9分袖）,冬場のシャツのインナーでおしゃれに着てます。ありがとうございました。,5,男性,50代
ヒートテックタートルネックT（9分袖）,パーカーの中に着るのにちょうど良いフィット感。タートルはあまり着ない方だが、この商品はヒダヒダにならず、かと言ってキツいこともないので、寒い冬にも適している。何度か洗濯しているが、今のところ撚れることもない。,5,男性,40代
ヒートテックタートルネックT（9分袖）,早速、着用させて頂きました。今回、リピートで前回と全く同じで保温力には大変満足しております。,5,男性,60代以上
ヒートテックタートルネックT（9分袖）,普通のシャツとして使用しています。一般的なタートルネック商品を購入しましたが首や袖口が伸びてしまいすぐに使用できなくなっていました。この商品はそんな事はないように思います。,4,男性,50代
ヒートテックタートルネックT（9分袖）,寒い時期に首元が寒くならないようにするために購入。タートルネックは暖かいけれど、着用時のチクチク感や息苦しさが難点でしたが、こちらはこれらの難点がほぼクリア出来ていて自然に着用出来ます。,5,男性,40代
ヒートテックタートルネックT（9分袖）,ヒートテックタートルネックは暖かいので、寒い日は大活躍しています。ショップでも販売してほしいです。,5,男性,回答しない
ヒートテックタートルネックT（9分袖）,"インナーとして、とても重宝します。

タートルネックでニットやTシャツの下に着るのにも良いです。",5,男性,20代
ヒートテックタートルネックT（9分袖）,"毎年購入しています。
薄いので重ね着してもゴワゴワしないです。",5,男性,40代
ヒートテックタートルネックT（9分袖）,"毎年購入してます
毛玉が出来ないのが何よりですね
もう少し暖かだと5星ですね",4,その他,回答しない
ヒートテックタートルネックT（9分袖）,ウチのオシャレに関心度の低い子に買いました、要らないのにと言いながら、激しくローテされてます。着やすい、外に出た時襟元が寒く無い、大きめを買ったので長時間の仕事でも身体に、楽な感あるようです。,5,男性,30代
ヒートテックタートルネックT（9分袖）,薄手で暖かい良い製品だと思いますが９分袖なので、寒い日に手袋と袖口の間の隙間で冷えを感じてちょっとだけ短さを意識します。体にぴったりしたほうがヒートテックらしい暖かさなのでサイズを上げたくない‥ちょうどよい着用感だけれど袖丈短めでした。,3,男性,60代以上
ヒートテックタートルネックT（9分袖）,思ったより少し薄目の生地、肌触りは良い、タイトなサイズ感、,4,男性,50代
ヒートテックタートルネックT（9分袖）,首周りも締めつけ感がなく着やすいです。暖かさもありバッチリです,4,回答しない,50代
ヒートテックタートルネックT（9分袖）,"タートルネックは首元が温かいので一度着たら離せません。
毎日風呂上りに着替えるアンダーシャツはこればかりです。
よく伸びるので体にピッタリしていい感じです。防寒という点ではもっと厚いのもありますが、それは上に着るシャツで調整すればいいだけのことです。
UNIQLOさんのゴムはへたりが早い傾向にある気がしますので、今後首元がビョンビョンに伸びきってしまわないことを期待しています。",5,男性,60代以上
ヒートテックタートルネックT（9分袖）,首元が暖かくてこの上にセーター着たらヌクヌクでした。,5,男性,60代以上
ヒートテックタートルネックT（9分袖）,"暖かい、コレ1番大事！
そして薄手なのがありがたい。
犬の散歩の寒さ対策としては完璧でした。
コレは間違いなくリピートしますよー",5,男性,50代
ヒートテックタートルネックT（9分袖）,今年はハイネックが店舗になく、夫に頼まれネットで注文。9分袖じゃなく、10分袖をメンズにも作って欲しいそうです。,3,女性,回答しない
ヒートテックタートルネックT（9分袖）,"フィット感が良いとても暖かいですもう戻れません
家族用にまた購入します
",5,男性,50代
ヒートテックタートルネックT（9分袖）,長年愛用しています。特に寒い時期は「極暖」ですが通常はこのタイプで十分に暖かいです。残念なのは、カラーがグレー一色しかないことです（昔は白とかエンジみたいな色がありました）,5,男性,60代以上
ヒートテックタートルネックT（9分袖）,首元がしっかりフィットしているが締めつけ感はありません。袖が9分なので動きやすくズレがありません大変暖かい。,5,男性,60代以上
ヒートテックタートルネックT（9分袖）,"普段着るトップスのインナー用として買いました。
もともとヒートテックは持っていたのですが、タートルネックは段違いの暖かさでした！",5,男性,20代
ヒートテックタートルネックT（9分袖）,体にフィットしてとても着やすいです。ピタッとする感じですが不快感はありません。またネックの部分もよくある痒くなったり等はありません。袖も9分丈なので上に着たものから出ないのもいいです。,5,男性,30代
ヒートテックタートルネックT（9分袖）,ヒートテックは色々持っていますが1番暖かいです。個人的にはもうちょっと首に余裕があると苦しくないのですが,5,男性,50代
ヒートテックタートルネックT（9分袖）,薄手で軽い着心地なので、重ね着しても動きにストレスがない。手首のデザインが好き。色違いでも欲しかったです。来年狙います！,5,女性,50代
ヒートテックタートルネックT（9分袖）,"薄くて暖かく、サラッとして気持ちいい。
着膨れしないところがよい。",5,男性,40代
ヒートテックタートルネックT（9分袖）,普段はMサイズですが、今回Lサイズにしました。少しゆったりで狙いどおりです。やわらかくて軽くて、首がしっかりあたためられるのでうれしいです。9分袖なので上着からも出ずにいい感じに着ることができます。,4,男性,50代
ヒートテックタートルネックT（9分袖）,"じょうぶで長持ち　保温もちょうどよく
ネックタイプは特に寒い日のインナーに１番です",5,男性,40代
ヒートテックタートルネックT（9分袖）,ちょうどいいフット感です。だけど伸縮性があるので苦しくない。首をカバーするのでクルーネックより暖かい。私は首が短いのでハイネックがあるとより良いのだが！,5,男性,60代以上
ヒートテックタートルネックT（9分袖）,着た感も非常にしっくり。でもメチャクチャ暖かくて、シャツの下に着るだけでセーター要らず,5,男性,60代以上
ヒートテックタートルネックT（9分袖）,首がきつく、私は着るのを止めました。事前の試着必須です。。,2,男性,40代
ヒートテックタートルネックT（9分袖）,"ワイシャツの下地インナーに
着込むために購入
タートルなので　襟の広がりを
気にせず　着用できる
春　夏用にも　薄い素材で
商品出してくれるといいですね
ノーネクタイで過ごせるので",5,男性,60代以上
ヒートテックタートルネックT（9分袖）,すごく軽く薄いんで仕事に使っています。薄く軽いから動きやすいです。暖かさはそこまでではないけど、ないよりは暖かいです。,3,男性,40代
ヒートテックタートルネックT（9分袖）,タートルネックの半袖丈が、なかなか無くマジックミシンさんで丈詰めして愛用しています。冬場の袖のゴワゴワが解消しました。是非商品化して欲しいです。,3,男性,50代
ヒートテックタートルネックT（9分袖）,"裾がもう少し長い方が良い。
前回買った物の方が長い。カラーの増やして欲しい",3,男性,60代以上
ヒートテックタートルネックT（9分袖）,夫がワイシャツの下に着ています。首を温めるだけで全身の暖かさが段違いとのこと。,5,女性,回答しない
ヒートテックタートルネックT（9分袖）,冬の定番です、毎年活用させていただいてます。最高。,4,男性,回答しない
ヒートテックタートルネックT（9分袖）,生地の厚さのわりに温かい、ワンサイズ小さいサイズを着るとより温かい,4,男性,60代以上
ヒートテックタートルネックT（9分袖）,"タートルを初めて使ってみたが、段違いの
暖かさでビックリした。
普通のヒートテックで不満があったら、
試して欲しい。",5,男性,回答しない
ヒートテックタートルネックT（9分袖）,肌触り、コスパ最高です。一回着たらまた、これにしますって感じです。,5,男性,50代
ヒートテックタートルネックT（9分袖）,毎日寒いのでパジャマの下に着て寝ます。首元暖かいし放せません,5,女性,回答しない
ヒートテックタートルネックT（9分袖）,"タートルネックなのでＭＡー１着用時でも首元が暖かい
ショッピングモールではヒートテックで薄手のフリースのみで汗ばむくらい暖かいです

",5,男性,50代
ヒートテックタートルネックT（9分袖）,169センチでMで丁度。色もシックでいい感じ。欲しかったタートルネック。,3,男性,50代
ヒートテックタートルネックT（9分袖）,これをきたら、セーターとか厚めの服は薄めでいいですよ。出ないと、場合によっては、汗だくです。,5,男性,50代
ヒートテックタートルネックT（9分袖）,北海道住みですが、毎日ヒートテック上下を着て仕事着を着ています。程よいフィット感がないと逆に不安です。ぜひ以前販売していたネイビーの復活をお願いします！もちろんタイツも！,5,男性,40代
ヒートテックタートルネックT（9分袖）,タートルもいいのですが、ハイネックタイプがあったら良かったということで星4つにしました。,4,その他,50代
ヒートテックタートルネックT（9分袖）,クーポンがあったので試しに買ってみましたが、質感や大きさ共に満足してます。,5,男性,50代
ヒートテックタートルネックT（9分袖）,Sサイズを着ています。他のメーカーのもの、ユニクロの他のTシャツなどと比べて。　、クビの締まりがよく、キツい感じ。いつもSでいいのにちょっと小さめわ、って感じです。,3,男性,60代以上
ヒートテックタートルネックT（9分袖）,着心地いい感じ。パーカーの下に着用。外にいても温かかったです,4,男性,10 - 14歳
ヒートテックタートルネックT（9分袖）,薄いけど大丈夫?と思いつつ着ると肌触りも良く温かい。Yシャツの下に着ても大丈夫,5,男性,40代
ヒートテックタートルネックT（9分袖）,薄くて着膨れしないが暖かい。この価格なら大満足です。もう少し生地のテカリを抑えたほうが良いかも。,5,男性,40代
ヒートテックタートルネックT（9分袖）,タートルネック好きなのでリピ購入。店舗にも置いてもらえると嬉しいです,5,男性,50代
ヒートテックタートルネックT（9分袖）,"薄めのタートルをさがしていました。９分丈で袖のところが、もたつかずよいです。
グレーの色も一番好きな濃さでした。",4,男性,20代
ヒートテックタートルネックT（9分袖）,"生地が薄いのでインナーとして着やすいです。
ただ、タートルの部分はインナーっぽい生地感が見えてしまうので好みによると思います。",5,男性,40代
ヒートテックタートルネックT（9分袖）,"首回りがとても暖かくて真冬には重宝する商品です。購入して良かったです。色違いも欲しいです。
",5,女性,40代
ヒートテックタートルネックT（9分袖）,"寒い軽井沢に行くために購入しました。
首元に丁度良いフィット感で暖かく重宝致しました。",5,男性,20代
ヒートテックタートルネックT（9分袖）,"息子に購入。
かさばらないので重ね着にピッタリ。
もちろん暖かく満足です。",5,女性,40代
ヒートテックタートルネックT（9分袖）,"毎年、購入してます。雪国の冬は、これで、寒さをしのぎます。
冬には、欠かせないアイテムです。これからも、進化し続けてください。",5,男性,60代以上
ヒートテックタートルネックT（9分袖）,"サイズ感、着やすさ、暖かさが気に入り複数購入しました。
",5,男性,回答しない
ヒートテックタートルネックT（9分袖）,ウールのタートルネックのチクチク感が無くなります。とても暖かくて良いですね😃,5,男性,50代
ヒートテックタートルネックT（9分袖）,寒い冬を乗りきるためにリピートです。生地が薄くても暖かいです。スッキリ着られます。,5,男性,60代以上
ヒートテックタートルネックT（9分袖）,"この時期必須アイテム！
店頭にも置いてほしい
これがないと冬は越せません！",5,男性,30代
ヒートテックタートルネックT（9分袖）,袖を通した時にヒヤッとすることもなく、適度にフィットして良いです。,5,女性,40代
ヒートテックタートルネックT（9分袖）,着用感よく、ちょうど良い薄さ、色目も良かったです。極暖インナーシャツの上にタートルネックを着れば最強です！,5,男性,60代以上
ヒートテックタートルネックT（9分袖）,"お店に置いてないのが残念です
また、購入しょうと思います
",4,男性,50代
ヒートテックタートルネックT（9分袖）,ちょうどのサイズでよかったです。薄いけど、あったかいものが欲しかったので、ちょうど良かったです。,5,男性,40代
ヒートテックタートルネックT（9分袖）,"首回りを含め暖かく色アイ良くサイズもぴったりで寒がりの人には大変良いと思う
",5,男性,60代以上
ヒートテックタートルネックT（9分袖）,数年着ているネックが、立たなくなってしまいましたのでの買い替えです。,4,男性,60代以上
ヒートテックタートルネックT（9分袖）,冬の必需品です。期間限定でお安く買えたので、今年も毎日のように着ています,5,男性,60代以上
ヒートテックタートルネックT（9分袖）,"アウターを重ね着してもぶくぶくしないスマートさ。９分袖なので袖口からはみ出ないし、首回りは暖かいし、しかもインナーには見えません。
着心地もゴワゴワせず、とても良い一着でした。",5,男性,60代以上
ヒートテックタートルネックT（9分袖）,2色を使い分けています。軽くて柔らかく暖かいです。肌触りも良く愛用しています、,4,男性,60代以上
ヒートテックタートルネックT（9分袖）,"店舗で売っていないのでオンラインで購入しました。
寒いこの時期にはタートルネックは必需品なので首元も暖かくもう手放せないです。
是非店舗でも売り出して欲しいです。",5,男性,50代
ヒートテックタートルネックT（9分袖）,"初めて長袖では無く、９分袖を購入
いつも冬ゴルフのアンダーとして長袖を着てラウンドしておりますが、
暖かくなって袖まくりする事が多いのですが、アウターから出る事無く非常に快適でした、今後は、９分袖派に成ると思います!",5,男性,60代以上
ヒートテックタートルネックT（9分袖）,"毎年、安心の品。それにアップデートもしている。

さすがに、
１シーズンヘビロテすると襟が伸びるけど、襟切ってクルーネックでも使える。
",5,男性,50代
ヒートテックタートルネックT（9分袖）,ハイネックなので首もとが温かいね。色は黒しかなかった。,4,男性,60代以上
ヒートテックタートルネックT（9分袖）,"ゆったり感を求めて、ワンサイズ大きめを購入。
肌触り良く、着心地もいいです。",5,男性,50代
ヒートテックタートルネックT（9分袖）,"ニットの下に着るのに着膨れもせず薄くて重宝しています。
しかし一部店舗のみの販売なのでオンラインでしか購入出来ないのはちょっと残念です。",5,男性,40代
ヒートテックタートルネックT（9分袖）,生地の厚さが厚すぎずインナーとしてちょうど良いです。肌触りがとてもソフトでネックの締め付けもなくストレスはありません。9部袖なので下からはみ出すこともありません。重ね着用としては最高の一品です。,5,男性,50代
ヒートテックタートルネックT（9分袖）,タートルネックでこの価格、暖かさも十分で大満足です。,5,男性,50代
ヒートテックタートルネックT（9分袖）,"ヒートテックでアンダーウェアのつもりで購入しましたが、質感もよく、ハイネックのため、この上にパーカーだったり、ジャケットを合わせても全然いけてしまうので、使い勝手がとてもいいです。
勿論、温かい！",5,男性,50代
ヒートテックタートルネックT（9分袖）,フィット感は少し細めかな。首までとても暖かく仕事用のワイシャツのインナーとして着てます。ワイシャツ+タートルネックもこの時期いいかもしれません,5,男性,50代
ヒートテックタートルネックT（9分袖）,"仕事のスクラブのインナーとして
使用しています、非常に助かります",5,男性,50代
ヒートテックタートルネックT（9分袖）,"薄くて軽いのに、作業着の下に1枚着ているだけなのに、寒さを感じません。ヒートテックおそるべしです。
腕が長いので、9分袖でなければ完璧でした。",4,男性,50代
ヒートテックタートルネックT（9分袖）,息子がスキーに行く際のインナーのつもりで購入しました。柔らかい肌触りで、伸びも良く良かったようです。どちらかと言うと腕が短いので、9分袖で丁度良かったです。首周りも良かったのですが、もう気持ちだけが欲しかったです。,4,男性,15 - 19歳
ヒートテックタートルネックT（9分袖）,今この寒い時節に着るべきヒートテックを今回初めてユニクロさんのヒートテックを買いまして良かった、今まで着てたヒート下着ですが、ちょっと寒くなるですが、このヒートテックは比べ物にならないくらいあたたか～い下着です。買って良かったです。,4,男性,60代以上
ヒートテックタートルネックT（9分袖）,薄くて頼りなさげですが、発熱・発汗するととても温まります。なかなかの優れものです！,4,男性,50代
ヒートテックタートルネックT（9分袖）,薄くて動きやすいので、重ね着に大活躍。特に秋口や春先には手放せません。ただ本格的に寒い真冬には極暖の方が良いかも。,4,男性,50代
ヒートテックタートルネックT（9分袖）,肌触り、ヒィット感も良くとにかく暖かいので助かっています。,5,男性,60代以上
ヒートテックタートルネックT（9分袖）,タートル久しぶりだったけど首暖かで薄いので重ね着できていい感じです。,5,女性,回答しない
ヒートテックタートルネックT（9分袖）,首にピッタリのタートルネックで、暖かく、購入して大正解でした。初めに黒、グレーを買い、良かったので、もう二枚追加しました。この冬はこればかり着ています。,5,男性,60代以上
ヒートテックタートルネックT（9分袖）,"主人（154㎝／48kg）のインナーとしてここ3年ほど毎年のように注文しています。
・適切なフィット感（きつくはないが緩すぎない）
・セーターやシャツのインナーとして最適だがTシャツの上に着るだけでもおかしくない
・チャコールグレーは色彩にニュアンスがあり洒落ている
・タートル部もしっかり保たれだらしなくない
・すぐ乾くし毛玉もできにくい
ということで、毎回私にも同じものを購入したくなります。（袖の部分が開放されたタイプがあれば必ず自分用にも忘れず購入することでしょう。）",5,女性,50代
ヒートテックタートルネックT（9分袖）,首元を温めてくれるので、段違いに暖かく感じます。　首元をスッキリさせたい時は丸首にしますが、シャツと合わせたりする時もこのタイプはオシャレで良いと思います。　首回りは、結構ピッタリとしています。,5,男性,40代
ヒートテックタートルネックT（9分袖）,"寒い日は、タートル必須！
コスパ最高、9分袖インナーとして、とても重宝してます",5,男性,50代
ヒートテックタートルネックT（9分袖）,タートルは薄くても温かさが違います。以前あったネイビーも再販して欲しい。,5,男性,60代以上
ヒートテックタートルネックT（9分袖）,暖かさを追求したくエキストラウォームやウルトラウォームも試しましたが、残念ながら首周りがスカスカ。冷たい空気が入ってきてしまい残念。首にピタッとくっつくのが好きなので、あえてサイズはS。ノーマルタイプは薄い分全体的な暖かさには欠けますが、私にとってはマストアイテム。厚手のアイテムにも首周りのフィット感が欲しいところですが。体重62身長172。チノパンウエストサイズ76です。ご参考まで。,5,男性,60代以上
ヒートテックタートルネックT（9分袖）,"ランニング用に購入しました。
まったく寒くなく、暑いくらいです。",5,男性,50代
ヒートテックタートルネックT（9分袖）,"肌触りは、良いです。着心地も良いですし寒い時期でも、
温かくちょうど良いですし",4,男性,50代
ヒートテックタートルネックT（9分袖）,セーターの下などにあわせるととても暖かくいい感じ。色合いも合わせるものを選ばず汎用性あり,5,男性,30代
ヒートテックタートルネックT（9分袖）,ヒートテックは毎年この季節愛用させていただいてます 昨年あたりからタートルネックを着用するようになりました他のタートルネックは首をしめつけられる感じがしますが購入した商品ではそのような感じがないのでお気に入りです,5,男性,50代
ヒートテックタートルネックT（9分袖）,"冬場は厚着になりがちですが、このヒートテックインナーを着ることで、重ね着を減らす事が出来る。
その為、動きやすさが全然違うので手放せません。",5,男性,50代
ヒートテックタートルネックT（9分袖）,冬の重ね着にちょうど良い厚みで、サイズ感もちょうど良いので、色を変えてリピートしたいと思います。,4,男性,50代
ヒートテックタートルネックT（9分袖）,"昔のヒートテックは、いかにも、下着
って感じのテカテカした素材感でしたが、
今回購入した黒は、そうではありませんでした。
あらためて
コスパが良い商品であることを、再確認致しました。",5,男性,60代以上
ヒートテックタートルネックT（9分袖）,ジャストサイズのMの黒を購入して部屋着として使っています。とても柔らかい着心地なのでストレスなく過ごせます。,4,男性,回答しない
ヒートテックタートルネックT（9分袖）,"やっぱりユニクロ
コスパが良いね買って良かったです",5,男性,60代以上
ヒートテックタートルネックT（9分袖）,"安定のユニクロヒートテック。
カラーバリエーションが減ってしまい残念です。",5,男性,30代
ヒートテックタートルネックT（9分袖）,インナーとして黒Lを購入。これまでユニクロのインナーはたいていLで良かったが、肩周りと首周りに多少締め付け感あり、これはXLにしとけば良かったと後悔。インナーの試着はどうしても気が引ける。,4,男性,50代
ヒートテックタートルネックT（9分袖）,"今年の冬は今までになく寒く感じますが、この商品を着て出掛ければとても暖かく感じます。やはりタートルネックはこの時期の必須アイテムです。
",5,男性,50代
ヒートテックタートルネックT（9分袖）,身体にジャストフィットし、パーカーのアンダーウェアとして最適。重宝しています。コスパも最高です。,5,男性,60代以上
ヒートテックタートルネックT（9分袖）,あったかいけどサラッとしていて実に着心地がいいですね。9分袖のアイデアがさらにいい。,5,男性,50代
ヒートテックタートルネックT（9分袖）,"物自体は着心地も良くていいのだが、追加購入したくても早々に売り切れて購入出来ない。
また、カラーバリエーションも少なく、レディースのように増やしてほしい。",3,男性,回答しない
ヒートテックタートルネックT（9分袖）,"父用に買い求めました。
セーターの中、カーディガンの中、トレーナーの中etc　まずばこの１枚から始まります。
首元も温かいし、着ぶくれもせず快適のようです。",5,女性,回答しない
ヒートテックタートルネックT（9分袖）,普段の生活やゴルフの時にも違和感なく着ることができる感触です。締め付けもなく大変満足しています。,5,男性,60代以上
ヒートテックタートルネックT（9分袖）,"黒を購入、洗わずに白ワイシャツをきたらあちこちに色がついた。
洗濯してもおちなかったので、気をつけて！",3,男性,回答しない
ヒートテックタートルネックT（9分袖）,着心地がよく、首周りも程よいので苦しくなく大好き。,3,男性,50代
ヒートテックタートルネックT（9分袖）,暖かいのに、軽くて薄い。アンダーウェアであり、パジャマにもなったり。タートルネックのところは、痒くならない。,5,男性,回答しない
ヒートテックタートルネックT（9分袖）,肌触りも良く、暖かい。寒い休日には必ず着用している,5,男性,50代
ヒートテックタートルネックT（9分袖）,寒い冬にぴったり、首周りも暖かくて良かった。また買いたい‼️。,4,男性,60代以上
ヒートテックタートルネックT（9分袖）,体にピッタリフィットしたサイズを着たほうが温かく着れます,4,男性,50代
ヒートテックタートルネックT（9分袖）,サイズ感もちょうど良く、色も黒とグレーを購入しましたが、冬のシャツの下に合わせるには保温効果が適度にあり良いです。,5,男性,60代以上
ヒートテックタートルネックT（9分袖）,"そもそもユニクロのウェアのほとんどが袖丈短めで、それが9分袖になると中途半端な位置になります
仕方なくXL買いましたが全体的に収まり悪く気持ち悪い着用感です",3,男性,回答しない
ヒートテックタートルネックT（9分袖）,"父に頼まれて購入。
薄くて暖かいのでインナーに着ても着膨れする事なく着れて良いと言っていました。",4,女性,50代
ヒートテックタートルネックT（9分袖）,優しいフィット感ですが薄くても暖かく着心地が良いので毎日着ています。,5,回答しない,60代以上
ヒートテックタートルネックT（9分袖）,薄いのに首もとから暖かく、とても気に入りました。これでこの冬を乗りきれそう！(^_^)v,5,男性,回答しない
ヒートテックタートルネックT（9分袖）,アンダーに着ながらアウターの襟からおしゃれに見えます。,5,男性,60代以上
ヒートテックタートルネックT（9分袖）,"毎冬、ブラック２枚グレー１枚で着回しています。上にジャケットを着たり、寒い日はセーターの下に着たりと、薄いので使い勝手もいいです。首もあたたかい。
冬はヒートテックタートルに助けられています",5,男性,50代
ヒートテックタートルネックT（9分袖）,薄いのにとても温かく長持ちがします。色も無地で使い勝手がよい。おすすめです。,5,男性,20代
ヒートテックタートルネックT（9分袖）,着用感はナイスです。軽くてフィット感がよく、薄いのに首元も寒くなく、素材も優しいタッチです。,4,男性,50代
ヒートテックタートルネックT（9分袖）,体にフィットして、仕事や普段着に役立って、厚着をしなくなりすつきりします。,4,男性,50代
ヒートテックタートルネックT（9分袖）,"着心地が最高で暖かい。
冬はこれなしではもう無理です
",4,男性,40代
ヒートテックタートルネックT（9分袖）,"冬場にインナーとして着用しています。
9部袖で上にシャツなどを着ても、ヒートテックの袖がはみ出てこないのが嬉しいです。",5,男性,50代
ヒートテックタートルネックT（9分袖）,ヒートテックと呼べる程暖かくないし、肌着と変わらない,3,男性,50代
ヒートテックタートルネックT（9分袖）,冬の仕事以外の日のインナーは、これしか考えられません。暖かいのに気ぶくれしないところが一番気に入っています。,5,男性,50代
ヒートテックタートルネックT（9分袖）,"一枚で肌着の役割も果たし、さらっとした優しい肌ざわり、
重ね着しないでその上からセーターなど着るだけで温かい。
だぶつかない。
頸が冷えないので風邪をひかないですし、体の熱を逃さない。従兄姉たちにも頼まれてそれぞれに、サイズはM&L都合上下合わせて6セット枚購入しました。
（上下のうち下は：女性はレギンス、最後は上下パジャマになります。笑）旅行にも持って行きます。
",5,女性,60代以上
ヒートテックタートルネックT（9分袖）,"XLだと少しビッタリしていたので、1サイズ大きいサイズで購入しましたが、特に袖などブカブカになることなく、ゆったり目に着れました。

ただ本来希望していた色のサイズが、すぐに再入荷待ちになってしまうので、できればシーズン中は入荷が沢山あると嬉しいです。",4,男性,50代
ヒートテックタートルネックT（9分袖）,外でも首元が暖かくて選んで正解だったと思ってます。,5,男性,50代
ヒートテックタートルネックT（9分袖）,シャツのインナー用に購入しました。嵩張らないこの薄さがあるようで無い商品で、しかも暖かい!重宝します。,5,男性,50代
ヒートテックタートルネックT（9分袖）,冬は首元が寒い、そんな時、ヒートテックのタートルはフット感が心地よく、手放せません。店舗に置いてないのが、不満です。,5,男性,回答しない
ヒートテックタートルネックT（9分袖）,着ていて、気持ちが良いです。そして、温かい。最高に大好きな商品です,5,女性,40代
ヒートテックタートルネックT（9分袖）,生地の伸びたるみを予測した少し小さめピッタリサイズ選びで暖かさを確保,5,男性,60代以上
ヒートテックタートルネックT（9分袖）,"アウターがダウンなど、しっかりした物になってきた時に、中に着る服としては重ね着もしやすい薄さ。また薄い割にはしっかりと保温効果もあり、とても重宝しています。
昨年1着購入して、とても良かったので今年も追加購入しました。
春先や秋口でも着用できる為、マストアイテムです",5,男性,60代以上
ヒートテックタートルネックT（9分袖）,"首周りが寒いの試しに購入しました。
薄いのに暖かいので助かりました。",4,男性,回答しない
ヒートテックタートルネックT（9分袖）,着ごごちも良く、フィット感も問題なく、軽くて最高でお値段も手ごろです。,5,男性,回答しない
ヒートテックタートルネックT（9分袖）,"さすがヒートテック、期待を裏切らないあたたかさ、ニットの重ね着には欠かせません。
冬場タートルネックは、風も防ぎあたたかいです。",5,男性,50代
ヒートテックタートルネックT（9分袖）,黒のダブルのスーツと合わせました。普段はルーズに着てましたが、初めて２つ折でジャストフィットでした。,5,男性,60代以上
ヒートテックタートルネックT（9分袖）,インナーではあるのですが、タートルネックなので着用を隠せません。見えない事より温かさを優先してのタートルネックですから、袖丈は十分丈にしてください。,4,男性,60代以上
ヒートテックタートルネックT（9分袖）,一度、着たらやめられない。店頭にないサイズが、店舗受取で配送料無しはとても助かります。,5,男性,60代以上
ヒートテックタートルネックT（9分袖）,ヒートテックのインナーの上にこのヒートテックを着るので、薄くても暖かいです。首回りも全くチクチクせず、着心地は良いです。,5,男性,回答しない
ヒートテックタートルネックT（9分袖）,"薄くても首元が暖かい為追加購入しました。
クルーネックスウェットどの相性バッチリです。",5,男性,50代
ヒートテックタートルネックT（9分袖）,シャツの下に着てもかさばらない薄さで、重ね着にぴったり。暖かさは極暖に及ばないけれど、十分なもの。動きやすいのも◎。,5,男性,40代
ヒートテックタートルネックT（9分袖）,"首元をスッキリとさせたい場合は自分に合ったサイズのタートルネックに。

逆に、ボリューム感やユルさが欲しい場合はメンズサイズが最適。
ボリュームとユルさがあっても、首元が重くなりすぎず。しっかり暖か。",5,女性,30代
ヒートテックタートルネックT（9分袖）,"旦那にプレゼントしましたがフィット感、暖かさが格段に違うとのことでした！
首元も暖かく冬はヒートテックがないと過ごせないと思えるくらいみたいです！",5,男性,30代
ヒートテックタートルネックT（9分袖）,"ゴルフ用で購入しました。
ハイネックが欲しかったのですが店頭にはなくオンラインで購入しました。",5,男性,60代以上
ヒートテックタートルネックT（9分袖）,買い替え購入。暖かさは充分満足。色のバリエーションが少ないのが不満。,3,男性,60代以上
ヒートテックタートルネックT（9分袖）,着用感も良く暖かさも感じられます。極暖では少し暑いと感じることがあるのでちょうど良いと思っています。,4,男性,60代以上
ヒートテックタートルネックT（9分袖）,"必ず必要な物です
ユニクロのヒートテックは 冬には絶対必要な お気に入りのタートルネックです",5,男性,回答しない
ヒートテックタートルネックT（9分袖）,首が寒いので冬はヒートテックのタートルがはなせません。セーターの下に着るのにタートルが目立たないように、セーターと同じ色のタートルを着ます。女性用には、グレーがなかったので男性用のSを買いました。丈も長いので暖かいです,5,女性,60代以上
ヒートテックタートルネックT（9分袖）,暖かい、それでいて蒸れないのが良い。北国で荒れた日でも十分でした。,5,男性,60代以上
ヒートテックタートルネックT（9分袖）,今年の冬は寒いので、タートルネックがとても重宝してます。もう手放せません。もう一枚買ってしまいました。,5,男性,60代以上
ヒートテックタートルネックT（9分袖）,"これ一枚で、寒さが違う。
軽いウォーキングや徒歩での買い物もシャツと合う他で調整できるので便利です。
冬から春の寒の戻りまでとても便利に使わせてもらってます。",5,男性,回答しない
ヒートテックタートルネックT（9分袖）,肌触り、着心地、伸縮…良いですね～٩(ˊᗜˋ*)و,5,男性,50代
ヒートテックタートルネックT（9分袖）,"定期的に購入させていただいています。
冬はヒートテック以外のシャツは着たことがないです。",3,男性,50代
ヒートテックタートルネックT（9分袖）,以前から着用していて変わりが欲しかったので、注文できた良かった。肌ざわり感、フィット感が良い。(2着購入),4,男性,60代以上
ヒートテックタートルネックT（9分袖）,お気に入りの手編みセーター。着たかったけど、クビがチクチクするからあまり着なかったけど、今年のお正月は着ました。温かいし、買ってよかったです。,5,男性,60代以上
ヒートテックタートルネックT（9分袖）,軽くて柔らかく暖かい。寒ければ、ヒートテック二枚重ね。これでかなり暖かいよ❗値段も安いし。,5,男性,60代以上
ヒートテックタートルネックT（9分袖）,ネック部分が締め付け気味で、なんとなく落ち着かない。期待したほど保温性が限定的でした。,2,男性,60代以上
ヒートテックタートルネックT（9分袖）,"インナーがピチピチなものは好かないのでXXLを購入しました。正解です。コットンタイプの極暖ヒートテックも持っていますがこちらでも問題なさそうです。
",5,男性,20代
ヒートテックタートルネックT（9分袖）,"女性用は袖が短いので、男性用を購入しました。
とても良いです。",5,女性,50代
ヒートテックタートルネックT（9分袖）,"暖かいのはもちろんですが何と言っても9分袖が最高です。
長袖ではインナーの袖が出て来てみっともないが9分袖ならチョロ見えしなくて助かっています。",5,男性,60代以上
ヒートテックタートルネックT（9分袖）,"フィト感とても良い。
保温力抜群。
着心地OK.
",5,男性,60代以上
ヒートテックタートルネックT（9分袖）,"袖が9分丈なので、腕時計が隠れず機能性が優れています。
これを着て冬の北海道を旅しましたが、あまり寒く感じなかったです。",5,男性,50代
ヒートテックタートルネックT（9分袖）,"落ち着いた感じの色でいい着心地です
この寒さの中とても重宝してます",5,男性,60代以上
ヒートテックタートルネックT（9分袖）,首まであるのでコレ一枚でものすごく暖かいです。色違いでも欲しいです,5,男性,40代
ヒートテックタートルネックT（9分袖）,インナーとして充分暖かいので、この上にウルトラライトダウンを羽織れば、お手軽に外出出来てます。クルーネックだと首周りの皮脂汚れが気になるので、タートルネックは他のアウターでも重宝してます。,4,男性,50代
ヒートテックタートルネックT（9分袖）,"首周りが緩いハイネックなので、締め付け感がなく良い。また保温性も問題なし。
",5,男性,40代
ヒートテックタートルネックT（9分袖）,膚触りがとっても良くて気持ちが良いので、すごく気に入ってます,4,男性,60代以上
ヒートテックタートルネックT（9分袖）,「ソフトタッチクルーネックT」と重ねて着用しています。脱ぎ着がしやすい為、重宝しています。,5,男性,50代
ヒートテックタートルネックT（9分袖）,"薄いのに暖かいのが良いです。
以前購入した物より暖かい気がします。",5,女性,50代
ヒートテックタートルネックT（9分袖）,主人用に購入。冬でもウールを着たがらない主人にヒートテックタートルはとっても重宝してます。,5,男性,60代以上
ヒートテックタートルネックT（9分袖）,"インナーウエアとしては、ポリエステルが多い以前の生地よりだと、肌触りは「化繊！」って感じだったけど、アクリルが増えて、肌触りは改善された
但し、生地は薄目かなぁ～
HEAT TECHのモデルには、３種類あるので、ノーマルなら、こんなものかな
ビジネスシーンには、徳利！？＝タートルネックは着れないけど、作業着の下なら、問題ないかと
会社の作業着の下に、着用します
ハイネックよりも、こちらが暖かい！
但し、汗をかくと、襟元からの発熱が出来なくなるのが弱点だけど、
インナーのハーフJIP.って無いので、保温性を第一に考えると、これがBESTでしょう

因みに、D.グレー・黒を１枚づつ購入しました


",4,男性,60代以上
ヒートテックタートルネックT（9分袖）,"今回、初めて肌着タートルネックを着て、びっくり。首元の違和感が無く軽く肌触りも良く暖かい。
    ブラックを購入しました、落ち着いた感じで重ね着にも合わせやすく使い勝手も良いです。",5,男性,50代
ヒートテックタートルネックT（9分袖）,何枚も購入しているので、自分なりに気に入ってます。,4,男性,60代以上
ヒートテックタートルネックT（9分袖）,パッケージを開けて、手にした瞬間に、薄かったかな、、、と感じましたが、上にセーターを着れば、室内では充分に暖かいです。ウルトラライトダウンジャケットを羽織れば、着膨れせずに外にも出掛けられます。,5,男性,60代以上
ヒートテックタートルネックT（9分袖）,ＸＬを購入。全体的にはゆったりして着やすいのだが、手が長すぎて折らないとフィットネスしないので、手の短めの人にも着やすいような七分袖、八分袖のものがあると嬉しい。,4,男性,60代以上
ヒートテックタートルネックT（9分袖）,"セーターやトレーナーの中に着るのに丁度良いです。
薄くて伸縮性が有り着膨れしなくて、重ね着にもってこいです。",5,男性,50代
ヒートテックタートルネックT（9分袖）,"あまりの寒さにヒートテックが欲しいけれど、女性用にはサイズがなくメンズで購入しました。やはり暖かさが違います！
サイズも丁度良く、上にシャツやセーターを着用したら寒さはだいぶ和らぎました。
欲を言えば、首周りに少しゆとりがあると嬉しいです。",5,女性,60代以上
ヒートテックタートルネックT（9分袖）,"気軽に着れてタートルは折らずに着ると暖かい。
洗濯してもすぐ乾くし全く縮まない。
店で売ってないのがとても面倒くさい。
来期は店頭でまた普通に売ってもらいたい。",5,男性,60代以上
ヒートテックタートルネックT（9分袖）,"3XL購入したが私のようなぽっちゃりさんは首も太いのですが、首回りがLサイズと変わらないのは何故？
",1,男性,40代
ヒートテックタートルネックT（9分袖）,とても暖かくて、冬場のサッカー指導で助かっています。,5,男性,60代以上
ヒートテックタートルネックT（9分袖）,"ちょうどよいフィット感で、薄手でもしっかり暖かくごわつきもありません。
毛玉にもなりにくい生地で、どんな服でも合うようにグレーを購入しました。",5,男性,40代
ヒートテックタートルネックT（9分袖）,夫がヒートテックタートルネックを愛用しています。暖かいです。店舗で購入できるようにしてください。,5,女性,回答しない
ヒートテックタートルネックT（9分袖）,182センチ85キロでＸＬでちょうど良い👍薄くてかさばらないので良い,5,男性,40代
ヒートテックタートルネックT（9分袖）,薄手なので、上物が着やすいのが最高です。タートルネックなので、首元から風が入りません。,5,男性,60代以上
ヒートテックタートルネックT（9分袖）,黒のタートルで風が吹いても首まで温かくなり快適です。,5,男性,60代以上
ヒートテックタートルネックT（9分袖）,薄い割には暖かいので重ね着するにはいいと思います。,4,男性,50代
ヒートテックタートルネックT（9分袖）,主人用です。これまでのものが少し疲れていたので、購入しました。カラーバリエーションがもう少しあるとうれしいです。店舗購入できてほしいです。,5,女性,50代
ヒートテックタートルネックT（9分袖）,"仕事着のインナーに着用します。 他のチェーン店の温感インナーはすぐに伸びてしまいますが、これはワンシーズン着倒しても問題ないです。昨シーズンは極暖しかタートルが買えなかったので、今シーズンは早めに買い揃えました。
実店舗でも購入できるようにしてほしいです。",4,男性,50代
ヒートテックタートルネックT（9分袖）,息子のスキーのアンダーウエアーが必要だったので購入しました。普段着としても、セーターやトレーナの中に着るのによさそうです。,5,男性,15 - 19歳
ヒートテックタートルネックT（9分袖）,シャツの下に着るアンダーとして重宝しています。薄手ですが暖かく寒い日の外出の必須です。あとは洗濯後どれだけ品質が維持されるかですが、お値段はお手頃なので個人的にはワンシーズンもってもらえれば十分だと思っています。,4,男性,60代以上
ヒートテックタートルネックT（9分袖）,サイズ感もちょうど良く、寒い中作業を暖かくやり抜く事ができました。,5,男性,50代
ヒートテックタートルネックT（9分袖）,"首周りが寒くて購入しました。
毎日使用しています。冬には必要なアイテムです",5,男性,50代
ヒートテックタートルネックT（9分袖）,子供用に毎年買い足していますが、今年はオンラインのみでしか購入することが出来なかったので、ぜひ来年は店舗でも購入出来るようにして欲しいです。,5,男性,20代
ヒートテックタートルネックT（9分袖）,タートルネックは初めて購入してみましたが、首元までしっかり暖かく、チャレンジしてみて正解でした。次は極暖を試してみたいです,5,男性,30代
ヒートテックタートルネックT（9分袖）,"今までMサイズを購入していましたが、今回Lサイズに。全体的にゆったりしましたが、たるんでなく、フィット感は満足でした。薄くてもほんとに暖かい。
冬の必須アイテムとして次回も買います。",5,男性,60代以上
ヒートテックタートルネックT（9分袖）,"薄いので重ね着に良いです。
9部袖しかないので、10部袖があったらなあ。",4,男性,60代以上
ヒートテックタートルネックT（9分袖）,毎回、ヒートテックは購入している。今年はタートルネックほしくて店頭に行ったら、店員さんに、オンラインのみですよって。まぁサイズ感は問題なかったのでよかったです。商品の感想は、問題なし。異常なしってとこですかね。消臭機能が前回タイプと違うので加齢臭をどれだけ抑えてくれるか期待します。,5,男性,30代
ヒートテックタートルネックT（9分袖）,暖かく、着心地も良いこと。更に価格も安いので、皆さんに超オススメです。,5,男性,60代以上
ヒートテックタートルネックT（9分袖）,Vネックニットのインナーに着るとオシャレだと思う。,5,男性,30代
ヒートテックタートルネックT（9分袖）,タートルネックのヒートテック、店舗にはなくて、でも、どうしても欲しくてオンラインで注文しました。よかったです。,4,男性,50代
ヒートテックタートルネックT（9分袖）,息子のスキーのインナー用に買いました。薄いのでさらっと着れて重ね着できるので便利だそうです。ピタッとするのが苦手なのでワンサイズ上げて着ています。,4,男性,回答しない
ヒートテックタートルネックT（9分袖）,外での仕事が多いため、タートルネックの高さがちょうどよく、非常に愛用しています。,4,男性,60代以上
ヒートテックタートルネックT（9分袖）,"毎年、冬になると、ヒートテックが大活躍します。
今年も１枚買い足したので、夫が暖かいと満足してました。",5,女性,60代以上
ヒートテックタートルネックT（9分袖）,"身体にピタッとするのが苦手で避けてきましたが、あまりの寒さにタートルネックを購入。ゆったり着られるようにXXLを購入しました。
大き過ぎることなく首元も余裕があり、あたたかいです。チラリと見えても恥ずかしいインナー見えじゃなく、重宝しています。
 ヒートテックが直接肌に当たらないよう長袖のコットンシャツを下に着込んで肌の痒みを回避することもできますし、もちろんそれでもちゃんと暖かいです。

同サイズを家族にも買い足しました。様々な身長、体型でも誰も不満無くこのサイズを着用中です。手首、腰まであたたかくて便利です。",5,女性,30代
ヒートテックタートルネックT（9分袖）,首筋の冷え防止に購入しました。インナーとして、薄手なのに暖かいです。,4,男性,50代
ヒートテックタートルネックT（9分袖）,素材が薄でなのでネックが綺麗におりづらかった！敢えておらずに着てみたところオシャレに自然なシャーリング感がでて良い感じでした。結果、お気に入りです！,4,男性,60代以上
ヒートテックタートルネックT（9分袖）,"フィット感もいい。
質感もGOOD。
乾燥機はNGですが、すぐ乾きます！
厚手ではないが暖かくて首の締まりも苦しくありません。",5,その他,30代
ヒートテックタートルネックT（9分袖）,主人用に。仕事で極暖は暑いとの事で毎年追加しています。こちら地方ではオンラインでしか買えないけど、絶対的に必要なのでシリーズ続けていただけてるだけでも有り難いです。ずっとXLでしたが2年目には伸びてしまうので、初めてLにしてみた所ジャストで3年は着てもらいたいところです^^;汗かきだけど首元は欲しいと言うわがままボディの救世主ですね！昔はパープル等色展開も良かったのでいつかそうなると良いなと思ってます。,5,女性,40代
ヒートテックタートルネックT（9分袖）,パーカーやトレーナーの下に着ています。厚着はきらいなので、すっきりと着ることができてとても気に入っています。近くの店舗になかなかなくてネットでオーダーしました。,4,男性,60代以上
ヒートテックタートルネックT（9分袖）,定番のヒートテック素材で、薄く柔らかい。首元が暖かく、着心地が良い。,5,男性,60代以上
ヒートテックタートルネックT（9分袖）,"ユニクロさんはもちが良いので何年も前のヒートテックを着てましたが今年
購入してみたらとても薄くなって肌着感覚で着れてモコモコしません。",5,男性,40代
ヒートテックタートルネックT（9分袖）,"肌ざわりよくフィットしてまっせ！
冬のゴルフプレイヤーに、お薦めです。",4,男性,回答しない
ヒートテックタートルネックT（9分袖）,"肌に密着するようで違和感なく着れるので、シャツやセーターの下で袖が丸まることもなく快適に過ごせます。
暖かさは汗ばむことのない適温で過ごせます。
襟が長いので前後の判断に迷います。",4,男性,50代
ヒートテックタートルネックT（9分袖）,やっぱりヒートテックはユニクロが一番だと思いました。,5,女性,50代
ヒートテックタートルネックT（9分袖）,ワイシャツの下に着用してます。程よい厚さでワイシャツの下に着用しても違和感ありません。,5,男性,40代
ヒートテックタートルネックT（9分袖）,首まであるのはやっぱり暖かいです。バイク乗りでも使えます。,5,男性,30代
ヒートテックタートルネックT（9分袖）,フィット感は、良好。ほどよいストレッチが、利いている。,5,男性,50代
ヒートテックタートルネックT（9分袖）,"首が温かいと全身が温かい。以前から
お気に入りです。
白も欲しいです。",5,男性,60代以上
ヒートテックタートルネックT（9分袖）,"とにかく薄着で服を着るのをめんどくさがるから冬は小さい時から取り敢えずタートルに何か１枚が定番です。
首が有る無いはかなり違うと思う。お陰で？コロナやたいした風も引かずに過ごしてます。
扱い店舗や色が少ないのが残念ですが。",5,女性,40代
ヒートテックタートルネックT（9分袖）,パジャマにしています。ネック部分がレディースよりも長いところが気に入っています。ただ、9分袖なのでMサイズの私でも9分袖です。8分袖が出たら家族の仕事用インナー用に購入します！！,4,女性,回答しない
ヒートテックタートルネックT（9分袖）,"毎年購入しようと思いながら出遅れて売り切れ状態でいたが、今年は在庫が豊富で手に入りました。
仕事ではヒートテックＶネックを着用し、寒さ対策の効果を実感していましたが、今回購入したタートルは更に暖かく感じます。
やはり首元が守られている事が最大の要因だと思います。
伸縮性もよく体の動きを邪魔しない所も良いですね！
とても気に入っています。
",5,男性,50代
ヒートテックタートルネックT（9分袖）,"サイズの割に首の丈が短いのか、シワシワに見えてしまう
タートルネックはゆったり感がほしいかな",2,男性,40代
ヒートテックタートルネックT（9分袖）,"素材も気に入ってますがカラーをもっとあればいいと思います
５着共黒かグレーでは…",5,女性,60代以上
ヒートテックタートルネックT（9分袖）,"着心地が良くて、やはり暖かい。
また、価格も手ごろ。",5,男性,60代以上
ヒートテックタートルネックT（9分袖）,着ていると思わせないくらいの着心地の良さとフィット感が気に入りました,4,男性,40代
ヒートテックタートルネックT（9分袖）,"ピッタリ目のシャツも邪魔をしないデザインのフィット感です
ネルシャツの下に着用すれば、
首元も暖かく最高です",5,男性,40代
ヒートテックタートルネックT（9分袖）,"仕事で作業服の下に着てますが首周りが暖かくて全身も暖かくなります。一日中外で仕事するときは極暖を着ますが出たり入ったりの時は普通のヒートテックで丁度良い感じです。
今までは袖が長くて上着から出てしまうことがありましたが９分丈でピッタリです。
３枚買って毎日着回しています。",4,男性,60代以上
ヒートテックタートルネックT（9分袖）,"肌に馴染んで、寒さを感じない
配達のしごとなのでありがたい。",5,男性,回答しない
ヒートテックタートルネックT（9分袖）,寒くなって来たので、トレーナーの下に着たくて、店舗で探したのですが、置いていないそうです。一枚だけ置いてある物を購入させていただきましたが、タートルネックは冬場はかなり使うので、いつも店舗に置いて欲しいです！womanのは置いてあるのに残念です。,5,男性,15 - 19歳
ヒートテックタートルネックT（9分袖）,"もっと薄い素材が良いと思う
配色も増やして欲しいグレイでも薄い色や濃い色など
",4,男性,60代以上
ヒートテックタートルネックT（9分袖）,首の長さと締まりの感じが良いので着心地が良かった。,4,男性,40代
ヒートテックタートルネックT（9分袖）,"薄手であったかさはよくわからないけど、着ないよりはあったかいのかな？
メンズのものは袖が詰まっているので、このデザインが気に入り購入しました。
今年もお世話になります！
",4,女性,30代
ヒートテックタートルネックT（9分袖）,"部屋着としても、外出時に重ね着としても使い回し抜群です！
首が暖かいと体感温度が全然違って、室内暖房費の節約にも繋がっています。",5,男性,50代
ヒートテックタートルネックT（9分袖）,タートルネックは首がチクチクすることが多かったのですが、これはまったくチクチクしません。寒い日の自転車用に購入しました。タートルネックの上にウィンドブレーカー着てましたが、気温10度台だとちょっと寒かったです。,5,男性,50代
ヒートテックタートルネックT（9分袖）,年々良くなるヒートテック！とても暖かくて着心地が良いです。毎年買い替えがお勧めです！,5,男性,15 - 19歳
ヒートテックタートルネックT（9分袖）,"今まで家族の中で主人だけがこのヒートテックの良さを信じず、いつもいらない！いらない！と言っていました。
今回ちょっお試してみようかな、、と。
早速着させてみると、薄くてあったかい！と。ほらね、、とみんなに言われていました。やっとヒートテックデビュー‼︎
外に行く時は毎回着ています笑 
早く買っておけばよかったのに、、、",5,女性,40代
ヒートテックタートルネックT（9分袖）,窮屈なのが嫌いなので　　170センチ　６５キロ　Lサイズでちょうどよく　首が暖かいのでウォームビズに最適だと思う,5,男性,回答しない
ヒートテックタートルネックT（9分袖）,このタイプのタートルネックを他所ではなかなか見かけないので毎シーズン新しく買って利用しています,5,男性,40代
ヒートテックタートルネックT（9分袖）,女性ものだと首元がクタッとしてくるので、男性用を着用しています。首のところがフィットして暖かいです。丈も長いので腰のほうも暖かい。,5,女性,60代以上
ヒートテックタートルネックT（9分袖）,まずハイネックのシャツがUNIQLOさん以外にほとんどない。この商品は着心地がとてもよくとても暖かい。洗濯してもすぐ乾いて首周りも伸びることなく長く使えそうです。お勧めです。,5,男性,50代
ヒートテックタートルネックT（9分袖）,この価格でこの暖かさにびっくり、昨年まで主に半袖のクルーネックヒートテックを着用していましたが、今年はタートルネックを購入してみました。薄くて動き易い上に暖かいのでとても気に入っています。サイズは昨年XLサイズを購入して少し窮屈だったのでXXLにしました。ゆったり着用出来て満足です。,5,男性,60代以上
ヒートテックタートルネックT（9分袖）,"暖かさ自体は極暖の方が暖かいのですが、細身のシャツのインナーにしたり等ではこちらに軍配が上がります。
薄いのにしっかり暖かいですし、何より重ね着コーデの1番下に着るのにかなり重宝します。",5,男性,40代
ヒートテックタートルネックT（9分袖）,"ヒートテックがどれだけ暖かいか？
十分暖かい！服の下にゴムなどあれば良いかな、自分はズボンにインしてます。",4,男性,50代
ヒートテックタートルネックT（9分袖）,ワイシャツの下に着ても動きやすく、それでいて寒さ対策も十分です。首回りの毛玉が少々気になりますが、１冬であれば2枚あれば10-11月は充分乗り越えられます。,4,男性,60代以上
ヒートテックタートルネックT（9分袖）,"シャツの下に着てもごわごわせずに暖かく過ごせます。
色が二色なので、他の色も作って欲しいです。",5,女性,60代以上
ヒートテックタートルネックT（9分袖）,肉厚で少し首が詰まってます。重ね着というより1枚で着る方が良いかんじです！,5,男性,30代
ヒートテックタートルネックT（9分袖）,寝る時に首元が、寒くないように80代の父に購入。首元が苦しくなく気にいり、毎日着ているため追加購入しました。欲を言えば明るいカラーもほしい。,5,女性,回答しない
ヒートテックタートルネックT（9分袖）,メンズのタートルネックなので女性が着ると首元はやや緩く感じるかもしれませんがむしろそこがいいです。レディースのタートルネックのピタっとしたフィット感があまり好きではなく熱く感じてしまうので窮屈な感じがなくゆるっと首元が暖かくて分厚くなくこの時期のインナーの最適解ではないでしょうか。９分袖でリブ付きなので思ったより袖が余る感じもなくてヒートテックのタートルネックはもうメンズで買おうかなと思ってしまう程です。,5,女性,40代
ヒートテックタートルネックT（9分袖）,"どちらかと言えば、インナーのヒートテックとあまりかわらないので、外見せを意識して買うと違うかもしれない
着心地良いインナーと思って頂きたい",4,男性,40代
ヒートテックタートルネックT（9分袖）,"私の住んでいる所は寒いので、首もとまで覆ってくれるこのアイテムはとても良いです。
以前はは、色々な模様入りもあったのですが、この頃はベーシックなものばかり。
以前のようにバリエーションがあってもよいのでは？",4,男性,60代以上
ヒートテックタートルネックT（9分袖）,タートルネックでも暖かいのにヒートテックで重宝してます。この値段でコスパもいい❗❗,5,男性,60代以上
ヒートテックタートルネックT（9分袖）,"かなり前に購入。伸び切って薄くなっていたので、新調しました。
首もフィット。海上で、秋ごろ着用しています。",5,男性,50代
ヒートテックタートルネックT（9分袖）,ふんわり首が温かく手触り最高です。又、機会があれば絶対購入したい,5,男性,60代以上
ヒートテックタートルネックT（9分袖）,フィット感、とても良いです。色もインナーとしては、無難な色だと思います。size的には、我々団塊の世代は、どうしても昭和体系で、ズングリムックリ、手足が短く、お腹の出っ張りを基準にあわせると、手足が引きずる程長かったり、手足にあわせると、お腹が入らなかったり、今の若い方々基準に、作られていると、どうしても難しいですね～。,5,男性,60代以上
ヒートテックタートルネックT（9分袖）,タートルネックは、ほとんど着たことないのですが、とても温かく最高です！！,5,男性,60代以上
ヒートテックタートルネックT（9分袖）,首周りも暖かくこれからの季節に重宝しそうです、カラーバリエーションがあればよいかな。,3,男性,回答しない
ヒートテックタートルネックT（9分袖）,体にフィットして、洋服ラインに響かず着れるので良い。着ていて暖かいので、厚着せず過ごせる。,4,男性,20代
ヒートテックタートルネックT（9分袖）,生地が滑らかで，着心地よし。やや腕がタイトすぎるかも。,4,男性,50代
ヒートテックタートルネックT（9分袖）,"タートルネックを購入しました。
首下が大変暖かくいい感じです。",5,男性,50代
ヒートテックタートルネックT（9分袖）,"仕事でプライベートで永年利用しています。同様他社の製品を浮気して買って使ってみたりしていますが、やはり保温性は優れていると実感しています。
今回は体型の変化もありピッタリサイズからゆとりのあるサイズアップにしました。生地の保温性でピッタリサイズで着こなす以外に、ゆとりのサイズでヒートテック内に空気の層を保った着こなし方もアリだと感じました。",5,男性,60代以上
ヒートテックタートルネックT（9分袖）,前に買ったから友達におすすめし購入するに居たりました。,4,男性,60代以上
ヒートテックタートルネックT（9分袖）,"毎年１～２枚ずつ買って古いのと交換しています。
寒い日も首まで覆ってくれるのであったかいです。",5,男性,回答しない
ヒートテックタートルネックT（9分袖）,滑らかで柔らかい素材のため首が苦しいとかチクチクすることがなく、しかも暖かい。手放せません。,5,男性,50代
ヒートテックタートルネックT（9分袖）,"長年愛用してます。
冬定番のヒートテックやっぱり良い",5,男性,50代
ヒートテックタートルネックT（9分袖）,"色味は何にでも合わせられる黒で
薄くて重たく感じないのに暖かく
着膨れしなくても寒くありません。",5,男性,40代
ヒートテックタートルネックT（9分袖）,セーターのインナーに着ています。ごわつかずにスッキリ着ることができるのでお気に入りです。,5,男性,回答しない
ヒートテックタートルネックT（9分袖）,薄手でもなく厚手でも無い丁度の厚さで、暖かく動きやすいため、冬のゴルフに重宝しています。,5,男性,50代
ヒートテックタートルネックT（9分袖）,"毎年購入しています。
タートルネックは首元も暖かくて、仕事にも普段着にも仕様しています。
お気に入りです。",5,男性,50代
ヒートテックタートルネックT（9分袖）,"たぁとるねっく　で　この季節にぴったり
紺色があれば、もっと良かった。",5,男性,60代以上
ヒートテックタートルネックT（9分袖）,他の方のコメントにもあったが、首部分が上手く折れず、クシャクシャになる。そういう商品なのでしょうが、ピシッとならず、やはり気持ち悪いです。,2,男性,60代以上
ヒートテックタートルネックT（9分袖）,タートルネックなので暖かく、シャツのインナーに丁度いいです。,3,男性,回答しない
ヒートテックタートルネックT（9分袖）,これまで極暖タートルを着ていたので、今回購入した商品がとても薄く思えました。でも、見た目や着心地と違って、思ったよりも暖かくてちょっと意外でした。,4,男性,40代
ヒートテックタートルネックT（9分袖）,"タートルネック、今まで首が短いので、避けていましたが、これからの季節に重宝しそうなので、期間限定で初買いしました。
首の違和感なく、重宝しそうです。
色違いリピート買い予定です。",4,男性,60代以上
ヒートテックタートルネックT（9分袖）,"首に冷気を感じると全身が寒く感じられるため購入。はやり暖かい。
176cm、65kgでサイズL。
フィット感は首から体まで違和感ないのでちょうど良いと感じる。",5,男性,40代
ヒートテックタートルネックT（9分袖）,"久々のタートルネックです。
寒さが厳しくなりそうなこの冬、屋外行動が復活してきた今季向けに新規購入しました。
安定安心のヒートテックかつタートルネックで暖かさを漏らさず満喫できます。",5,男性,50代
ヒートテックタートルネックT（9分袖）,肌着としてはいいのですが、外出する際には重ね着しないといけないので、あと色が色々あったらいいと思います。,2,男性,60代以上
ヒートテックタートルネックT（9分袖）,"タートルネックで幅広い服装が出来る。
中はこれだけで、ダウンジャケットでも大丈夫かと思う。",5,男性,50代
ヒートテックタートルネックT（9分袖）,全身にフィットしてインナーとしても首回りのアクセントとしても暖かく着こなせるので冬には万能アイテムです。,5,男性,50代
ヒートテックタートルネックT（9分袖）,ピッタリとフィットして、とってもあったか〜かったです。,5,男性,50代
ヒートテックタートルネックT（9分袖）,首をカバーするものとしてネックゲーターを使っていたが、業業しくちょうど良いのが無いか探していたがこれがちょうどよかった、今(2022/12/08)店頭にないのが不便だったが後二、三枚欲しくなった。北海道旅行に使用する予定特にスキーに。,4,男性,60代以上
ヒートテックタートルネックT（9分袖）,"肌触りよくあったかい
毎年メンズを選んでいます
家事をするには袖が絞ってあるのがいいんですよね
袖まくりしてもずれてこないので",5,女性,50代
ヒートテックタートルネックT（9分袖）,"フィット感が特に首もとがぴったりしているので、とてもあたたかく、セーターの下に来てもかさばらない。
また、お洗濯に対しての耐久性も良く、よれにくいのがとても気に入っています❗
",5,男性,50代
ヒートテックタートルネックT（9分袖）,"今回は、節電対策も踏まえて
ヒートテックタートルwomen3XLと
このmenの重ね着にしました。
タートル2枚重さねは、ストールやマフラーをしなくて良いので快適です。

今までの冬、ヒートテックの
women3XLとmenの T首の2枚重ね着でした。
部屋着、家中着にウルトラライトダウンを使用しています。
春秋は、ウルトラライトダウンベストや
そのロングベスト、リラックスコートをカーディガンがわりにとても良いです。
冬は、ウルトラライトダウンロングコート、
ウルトラライトダウン超ロングコートを使用、軽くて暖かくで良いです。

フリースやセーターは肩が凝ったり動きにくいので、ヒートテック着て、寒ければ
とても軽いウルトラライトダウンを使用が一番良いです。
我家は古い家で、冬寒く、夏暑いのです。",5,女性,60代以上
ヒートテックタートルネックT（9分袖）,"初めてヒートテックのタートル買いましたー^_^
暖かくて軽い^_^",4,女性,60代以上
ヒートテックタートルネックT（9分袖）,薄いけども暖かいです。サイズもまあまあなところですが、着丈がもう少し長くても良いと思います。,5,男性,50代
ヒートテックタートルネックT（9分袖）,旦那の仕事用に購入しました。肩こりもちでタートルネック嫌いの旦那が暖かいと喜んで着てるので買って良かったです。,5,女性,回答しない
ヒートテックタートルネックT（9分袖）,北海道民ですので、冬の寒さは半端ないです。暖かい恰好してもやはり首周りは寒いですが、これを着れば防げるので最高ですね。,5,男性,60代以上
ヒートテックタートルネックT（9分袖）,"毎年、この季節になったら夫婦二人とも愛用します。
立ち仕事のため、厚すぎると
仕事しにくいのですが、このあつさに二人とも大満足です。
",5,女性,60代以上
ヒートテックタートルネックT（9分袖）,軽くて暖かいです。首周りが楽なのでワンサイズ上がおすすめです。,4,回答しない,回答しない
ヒートテックタートルネックT（9分袖）,"主人の為に昨年から購入しています
残念ながらグレーは洗濯回数が増えるとハイネック先端の色が変わり、よれた感じになる。
黒は大丈夫です。同じ商品なのに黒とグレーは最初から手触りが違うせいだと思う
昨年から人気商品なのにどーして限定店舗扱いなのか❓❓❓
黒、グレー以外の色もあったら良いと思う",4,男性,60代以上
ヒートテックタートルネックT（9分袖）,毎年購入していますが、サラッとした着心地が気に入っていると主人。暖かく色違いで購入しました！,5,女性,50代
ヒートテックタートルネックT（9分袖）,"値段も安く暖かい。
またセールで安くしてほしいと思う",5,男性,30代
ヒートテックタートルネックT（9分袖）,"日の出前のゴルフ場でも、暖かくラウンドできました。
肌ざわりも申し分なく、良い商品だと思っています。",5,男性,50代
ヒートテックタートルネックT（9分袖）,インナーとしては良いけどアウターとしては微妙かも？,3,男性,50代
ヒートテックタートルネックT（9分袖）,私は、調理師ですが9分袖は、腕捲りするので非常に良い感じです。色は黒かグレー、仕事中でもそれ以外でも、手放せません。XLが丁度いいです。極暖にも9分袖ありますか？,4,男性,50代
ヒートテックタートルネックT（9分袖）,まだ着てないが値下がりしたので、つい買ってしもた。あ〜あ、また、やってしもた〜ユニクロさんは商売上手やわ〜,3,男性,50代
ヒートテックタートルネックT（9分袖）,ヒートテックなので暖かいと思って購入しました。タートルネックのせいか、首元が暖かくてより一層の暖かさを体感できてます。,5,男性,60代以上
ヒートテックタートルネックT（9分袖）,首元があったかいとこんなにも上半身があったかいのかと。もっと早くに試すべきでした。,5,男性,60代以上
ヒートテックタートルネックT（9分袖）,"タートルは店舗で置いてなくネットで買えました。
毎年寒いときにはタートルのヒートテックです。暖かくて生地は薄いので腕も動かしやすい。",5,男性,50代
ヒートテックタートルネックT（9分袖）,この寒い季節には欠かせないUNIQLO定番。サイズはLが丁度良い(180cm)。タートルネックが好きですね。,5,男性,60代以上
ヒートテックタートルネックT（9分袖）,フィット感は凄くいいです。着ている感覚があまり感じさせない処が気に入ってます。,5,男性,60代以上
ヒートテックタートルネックT（9分袖）,着心地が良く、肌触りが良い。着膨れせずに着こなせる。,5,男性,60代以上
ヒートテックタートルネックT（9分袖）,身体にフィットしていて、色味もブラックだし良い感じだった。,4,男性,50代
ヒートテックタートルネックT（9分袖）,"以前のものより肌触りがよく、ぴったり吸い付くようで暖かいです。
10分袖かあるともっといいですと夫のお気に入りです。
何回も購入していますが、どんどん進化していますね。",4,女性,60代以上
ヒートテックタートルネックT（9分袖）,毎年買っています。色違いが楽しみです。肌触りが良くて暖かい。,5,女性,回答しない
ヒートテックタートルネックT（9分袖）,着心地よく冬の必需品。洗濯後早く乾くのでとても便利です。,5,男性,回答しない
ヒートテックタートルネックT（9分袖）,"冬アイテムとして最高！
ヒィット感がたまらない、冬のたびに買ってしまう",5,男性,40代
ヒートテックタートルネックT（9分袖）,冬季バイクツーリングには欠かせない。タートルネックのため、首周りからの風の侵入を防ぎとても暖かく重宝している。,5,男性,60代以上
ヒートテックタートルネックT（9分袖）,"息子用に買いました。
薄手なのに温かい。
ごわつかないので、寒い季節でも快適にぬくぬくです。
ヘビロテしてるので、色違いを購入しようと思ってます。",5,男性,15 - 19歳
ヒートテックタートルネックT（9分袖）,"自分から体にフィットして首元や胸元が暖かいですよ‼︎
",4,男性,50代
ヒートテックタートルネックT（9分袖）,"私の首が細いためなのですが首部分に隙間が出来てタートルネックの意味があまり無い状態になってしまいます。
もう少し首部分が細い商品作ってもらえないでしょうか？
",3,男性,50代
ヒートテックタートルネックT（9分袖）,昔に購入したヒートテックは肌に合わないというか、ピリピリした感覚があって結局着ずじまいだったのですが、これはそのピリピリがなくなっており普通に着れました。着心地も非常に良く仕事着として活躍してくれています。,5,男性,50代
ヒートテックタートルネックT（9分袖）,"ゆったり着たいならワンサイズ大きめで丁度よいかも？
それでも首周りはキツめなので、首締まる感覚が嫌な人はやめた方がいい。",4,男性,50代
ヒートテックタートルネックT（9分袖）,普段女性用XLですが、休日スウェットのイン用にメンズMを。袖がもたつくことなく快適です。首がゆったりしていて休日にとても良いです。,5,女性,40代
ヒートテックタートルネックT（9分袖）,首元は伸ばしても折り返しても防寒にバッチリです。袖はアウターに響かない程度で丁度良き。コートの中はこれ一枚で充分かもしれません。,5,男性,50代
ヒートテックタートルネックT（9分袖）,昨年に引き続き追加購入しました。薄いですが暖かいです。,5,男性,回答しない
ヒートテックタートルネックT（9分袖）,リピーターです。柔らかい素材にストレッチが良く利いて暖かくて手放せません。カラーバリエーションがあると有難い。,5,男性,60代以上
ヒートテックタートルネックT（9分袖）,首で丸まらずしっかりフィットするので気にいってます。,5,女性,50代
ヒートテックタートルネックT（9分袖）,毎年2着は買いますが安定のヒートテック。他社製品と比べて結構丈夫なの所も良い,3,男性,30代
ヒートテックタートルネックT（9分袖）,去年あたりから近隣店舗取扱なしになっているのでオンラインストアで購入。やっぱり新しいヒートテックは暖かさが違う！どこの店舗でもその場ですぐ買えたら気軽だなーと思いますので是非検討を！,5,男性,30代
ヒートテックタートルネックT（9分袖）,"冬到来☃❄でタートルを探していました。
毛糸生地が多い中、この素材は
綿ぽくて非常に肌触りがいいです。
おすすめです。インナーには最高です。",5,男性,50代
ヒートテックタートルネックT（9分袖）,薄くて、着ぶくれしないのに暖かい。軽いから肩もこらず素材がいいのでおしゃれカンもある。,3,男性,60代以上
ヒートテックタートルネックT（9分袖）,"寒がりの主人にと思い購入しました。
あったかいと喜んでいました。
",5,女性,60代以上
ヒートテックタートルネックT（9分袖）,とても暖かいし、かさばらないし、毎年買い足してます。息子用です。制服の下に着用してます。,5,男性,15 - 19歳
ヒートテックタートルネックT（9分袖）,とても暖かく、軽いので大満足ですが、９分袖が少し寒いと主人が言ってるので、４星にします。,4,女性,60代以上
ヒートテックタートルネックT（9分袖）,以前からハイネックが欲しくてやっと購入できた。肌触り良い！,4,男性,50代
ヒートテックタートルネックT（9分袖）,"中学生の息子用に購入。
パーカーなどの下に着用していますが、薄地だけど暖かで気に入っているようです。",5,男性,10 - 14歳
ヒートテックタートルネックT（9分袖）,"主人が着用。
屋外での仕事なので薄手なので動きを妨げないのが有り難い。
本格的に寒くなったら極暖へ変えています。",5,女性,回答しない
ヒートテックタートルネックT（9分袖）,袖が短いので長いのがあればほしい　他は暖かいので手首が寒く感じるので長い袖のがあれば完璧,4,男性,50代
ヒートテックタートルネックT（9分袖）,白欲しいです！！！！！！！！！！！！！！！！白出してください,4,男性,20代
ヒートテックタートルネックT（9分袖）,プレゼント用にしたのですがとても喜ばれました。よかったです,5,男性,回答しない
ヒートテックタートルネックT（9分袖）,首元まで、しっかり暖かいです。生地も良くなったような気がします。,5,女性,50代
ヒートテックタートルネックT（9分袖）,レディースのMでは小さくLは大きいので、メンズのSサイズを購入。女性でもジャストサイズでネックの詰まり具合がとても良い,5,女性,回答しない
ヒートテックタートルネックT（9分袖）,生地が薄くてネルシャツ等のインナーにピッタリ❗️フィットしてても締め付け感はなく、快適です。,4,男性,15 - 19歳
ヒートテックタートルネックT（9分袖）,仕事着のインナーとして使うことが多いですが、かなりの寒さまでこれ一枚で大丈夫です。,5,男性,50代
ヒートテックタートルネックT（9分袖）,相棒(柴犬　９歳　♂)との散歩はいつも早朝。寒いけど、相棒は容赦ありません。そんな時にはこのタートルは強い味方です。,5,男性,60代以上
ヒートテックタートルネックT（9分袖）,"以前のものに比べてフィット感があり、とても着心地としてはいいと思います。
ただ、自分としては、もう少しだけ袖が長いとありがたいなと感じてます。",4,男性,回答しない
ヒートテックタートルネックT（9分袖）,"中学生の子供用に。冬になると、極暖よりタートルの方があたたかいとお気に入りで、サイズアップして購入しています。
もう少し、色が選べるといいです。
それと店頭でも買えるようにお願いしたいと思います。",4,男性,15 - 19歳
ヒートテックタートルネックT（9分袖）,フィット感はいいけど襟元がペラペラなので折り込んでもうまく折り込み出来ずクシャクシャな襟元になる。襟の部分だけでももう少し素材か織り方、縫製の仕方などで工夫して形がキマるような改良工夫が欲しいと思う。,2,男性,60代以上
ヒートテックタートルネックT（9分袖）,肌触りよく、着用感も軽く、ほどよく暖かいです。9分袖がいいですね。,4,男性,回答しない
ヒートテックタートルネックT（9分袖）,昨年も同じ物を購入しましたが‼️、薄手でも暖かく寒さ対策にバッチリでした。今年も早速購入しました。,5,男性,60代以上
ヒートテックタートルネックT（9分袖）,"色が2色なので、困る。
又今回は、黒しか店になかった。",3,男性,50代
ヒートテックタートルネックT（9分袖）,"ありがとうございます。
ヒートテックのハイネック探していました。
店頭では無かったので・・
ゴルフにこの時期、最適です。",4,男性,60代以上
ヒートテックタートルネックT（9分袖）,"以前はボーダー柄もあり、色もカラフルだった。下着と言うよりはポイントカラーにもできて、セーターやトレーナーの下にも着てオシャレに着こなせた。
グレーか黒しかないのがとても、とても残念。
",3,女性,60代以上
ヒートテックタートルネックT（9分袖）,着心地がよく、程よいヒット感が気持ちいいです。仕事中、上にＴシャツ、1枚着用でも暖かく、動きやすいのが気に入ってます。,4,男性,50代
ヒートテックタートルネックT（9分袖）,4lで丁度良かったです。暖かくてこれからの季節重宝しそうです。,5,男性,60代以上
ヒートテックタートルネックT（9分袖）,"今年も購入しました。

ヒートテックの一番のメリットは薄くて暖かいとこだと思ってます。

クルーネックやＶネックはあくまでもインナー感覚ですが、タートルネックなら首元まで暖かいしインナーとトップスの中間感覚でオススメです。

私はタートルネックのヒートテックを着てTシャツを重ね着してます。
出掛ける時は更にアウターを着てます。",5,男性,回答しない
ヒートテックタートルネックT（9分袖）,"サイズは普段ＬですがM購入　今年分5枚
感謝祭にやすく今年分も購入できました。
店舗棚にはなかったですが　アプリ在庫確認して親切に奥より出して頂きました!職員対応も良かったです!",5,男性,50代
ヒートテックタートルネックT（9分袖）,インナーとしても室内着としてもちょうどいい質感です。もう一着ほしいです。,4,男性,60代以上
ヒートテックタートルネックT（9分袖）,リピーター。薄いのに熱ったかく､軽いです。ただ､このタイプはネットでしか購入出来ないのが残念です。,5,男性,50代
ヒートテックタートルネックT（9分袖）,冬のジョギングのときには最適です。トレーニングウェアが体型にぴったり合っているので、生地が厚いものですと動きづらくなりますが、ヒートテックの薄い生地なので、ぴったりフィット寒さも気になりません。ネックウォーマー等と違って邪魔になりません。,5,男性,60代以上
ヒートテックタートルネックT（9分袖）,セール開催初日、30分後に来店。もう、商品が無く品薄感がある。他にヒートテックを購入しようと思ったがカラーがすでに無く、こちらも初めから無かったのではと疑いたくなる。また、展示み問題あり。ヒートテックはヒートテックコーナーでまとめるべき。あちらこちらに展示されてると探すのも嫌になる。,3,男性,60代以上
ヒートテックタートルネックT（9分袖）,"柔らかいし伸びるので着やすいです
タートルネックなのでとても暖かいです",5,男性,50代
ヒートテックタートルネックT（9分袖）,タートルネックが欲しくて今回買いました。軽くて暖かく寒がりなので助かります。,5,男性,60代以上
ヒートテックタートルネックT（9分袖）,痩せてるので XS でぴったりしててちょうど良かったです。白もあるといいですね,5,男性,60代以上
ヒートテックタートルネックT（9分袖）,"家族に頼まれて購入。以前は店舗で買えたように思うのですが、地元店舗では取り扱いなかった為、オンラインで購入。
特別な商品とは思えないのですが、不便です。
通常Ｌを着ている家族ですが、あまりピッタリした着用感が好みではないので、ワンサイズ上げました。
一枚買って気に入ったので、二枚追加しました。",5,男性,回答しない
ヒートテックタートルネックT（9分袖）,"毎年冬になるとヒートテックを追加購入します。
袖丈、着丈、首周り共にmen'sの方がタイプです！",5,女性,回答しない
ヒートテックタートルネックT（9分袖）,体に丁度いいフィット感があり、暖かくどんなパンツにも合わせやすく、毎年買い足しています。,5,男性,50代
ヒートテックタートルネックT（9分袖）,"価格からしたら仕方とは思うが、襟元がフィットしない感じがします。
袖は9分ではなく普通の長さが欲しかった。
",3,男性,回答しない
ヒートテックタートルネックT（9分袖）,仕事、プライベートでもこれからの季節は必須。とても肌さわりもよく着やすいです。,5,回答しない,50代
ヒートテックタートルネックT（9分袖）,Lサイズなのにmサイズ買ってしまった。でも着れます。,4,男性,50代
ヒートテックタートルネックT（9分袖）,毎年恒例のヒートテック今年はタートルネックの9分袖にしてみました。首は少しゆとりあります。これはこれでデザイン的に良い感じです。９部袖もフィットしてて着やすいです。サイズが大きいのでオンラインショップでしか購入出来ないのですが助かっています。,5,男性,60代以上
ヒートテックタートルネックT（9分袖）,"通勤〜仕事に着用。
暖房の効いた室内では極暖は暑くなりすぎるので、フィット感があり首元をガードしてくれるヒートテックがちょうどいい。
インナーとして何にでも合わせやすくスッキリ見えるブラックを毎年購入、重宝している。
",5,男性,60代以上
ヒートテックタートルネックT（9分袖）,"着心地はOK!
耐久性はどうかな？
この評価は今後かな😁",4,男性,50代
ヒートテックタートルネックT（9分袖）,タートルは好きなのですが、この商品は1年もすると首周りが、ゆるゆるにへたるのが残念なところです。,4,男性,60代以上
ヒートテックタートルネックT（9分袖）,安定の薄さでも暖かい…カラダが硬くなってきた老人にもよく伸び着やすく薄くて重ね着しやすいとてもいい商品です。,5,男性,60代以上
ヒートテックタートルネックT（9分袖）,"主人に買いました。
冬は毎日着ているので、今年も購入しました",5,女性,60代以上
ヒートテックタートルネックT（9分袖）,"10分袖があるといいなと思いました。
少し私には短かったです。",3,男性,50代
ヒートテックタートルネックT（9分袖）,"袖が作業着から出ないため袖口が汚れない
着丈は長くしゃがんでも背中が出ることがない。冬の職場では欠かせない",5,男性,40代
ヒートテックタートルネックT（9分袖）,"バイクに乗る時に着用してます。
ネックウォーマーと兼用することで、首元まで暖かいです。",5,男性,60代以上
ヒートテックタートルネックT（9分袖）,もう少し首回りが締まっていますと最高の着心地かっと思いますの,4,男性,60代以上
ヒートテックタートルネックT（9分袖）,"一部ではなく全店舗で販売を！

ずっと愛用しています。
厚着が苦手なのでゴワゴワせず、モタつかないのがとても良いし首元も締まりすぎず丁度良い。
出来れば色ももう少し増やして欲しい。

",4,回答しない,40代
ヒートテックタートルネックT（9分袖）,極暖だと暖かくすぎるので、ノーマルなヒートテックを愛用しています。タートルなので、重ね着のセーターのチクチク回避に助かってます(^-^),5,男性,40代
ヒートテックタートルネックT（9分袖）,他のヒートテックやエアリズムはＬサイズでちょうど良いのでこの商品もＬサイズを購入しましたがそれらに比べて､明らかに小さいですね。サイズ感は統一して欲しい。あるいは､類似商品との比較なども掲載して欲しい。４枚買って一気に開封してしまい､交換もできずに困っています。,1,男性,50代
ヒートテックタートルネックT（9分袖）,"通常であればLサイズでしょうけどバイクに乗るので肌に貼り付くフィット感がいいのであえてMサイズを選択しました
とても暖かくて動きやすいですね",5,男性,60代以上
ヒートテックタートルネックT（9分袖）,ヒートテックは、愛用しており、今回も購入しました。タートルネックの形は、初めてでしたが首元が覆われて暖かさがより感じられました。一点、今回手元に届いた商品からは何のにおいかわからないのですが、今までに感じたことの無い臭いを感じました。首を通すときに気になり、袖などからも今まで気にしたことのない臭いを感じました。生地の違いなどかどうかはわかりませんが、お伝えしておきます。,3,男性,50代
ヒートテックタートルネックT（9分袖）,コーディネートしやすく　これ1枚をインナーとして着るだけで寒さの対策になります。,5,男性,30代
ヒートテックタートルネックT（9分袖）,体にフィット。着心地良し。狙い通り首まわりが暖かい。冬のキャンプは首回りが意外と寒く。マフラーなどだと焚き火で燃える可能性大。こういうタイプの下着があれば助かる。ただ、首回りがちょっときつめかも。しかし、ヒートテックの上半身の下着は割と伸びる。使っていくうちに体になじんでくるだろう。満足です。,4,男性,50代
ヒートテックタートルネックT（9分袖）,日々のホーム着に欠かせない1品。首周りフィット感、袖の長さが決め手。その上に2着を交互に毎日着用、洗濯の繰り返しに全く影響無しのタフな1着。,5,男性,60代以上
ヒートテックタートルネックT（9分袖）,仕事で、外作業するときに使用しています。朝方の寒い時間帯はとても暖かい状態で作業出来るので助かってます。これからも数枚買って、冬の寒さに備えるつもりです。,5,男性,30代
ヒートテックタートルネックT（9分袖）,毎年寒い季節の必需品です。下着としてもいいし、この上から直接ダウンジャケット着ても十分暖かい。着ぶくれもしません。,5,男性,50代
ヒートテックタートルネックT（9分袖）,着心地がよくてごわつかず、フリースやセーターのインナーに最適。冬山にはこの上にダウンを着て行きます。,5,男性,60代以上
ヒートテックタートルネックT（9分袖）,"サイズもピッタリで温かい。
首周りまでヒートテックで非常に良い",4,男性,60代以上
ヒートテックタートルネックT（9分袖）,ヒートテックインナーを購入した。軽くて暖かく気にいっています。店舗にて追加購入するつもりです。,5,男性,60代以上
ヒートテックタートルネックT（9分袖）,店舗限定商品だったのでWEB購入しました。毎シーズン購入したいと思います。,5,男性,回答しない
ヒートテックタートルネックT（9分袖）,"袋から開けて即、着てみたら
ユニクロには珍しく臭かった。
もう一着買ったのでそちらも
嗅いでみたらやはり臭かった。
一度、洗うことにした。

臭いのなんでだろう。
メイドイン中国？

",2,男性,50代
ヒートテックタートルネックT（9分袖）,"ヒートテックならではの、肌触り
９分袖のお陰で　着こなしも楽です!",5,男性,60代以上
ヒートテックタートルネックT（9分袖）,キツすぎず、丁度いい。割と薄めだけど安心感があると思います。,4,男性,20代
ヒートテックタートルネックT（9分袖）,"中に着るのに重宝しています
毎年購入したいが早めになくなってしまうので困ってます",5,女性,40代
ヒートテックタートルネックT（9分袖）,2021モデルだったので色選択が出来なかったことが残念でした。,4,男性,60代以上
ヒートテックタートルネックT（9分袖）,仕事のインナーとして着ています微妙な温度差の時に着れるので重宝してます,4,男性,20代
ヒートテックタートルネックT（9分袖）,これ一枚でも、ジャケット羽織っても9分丈なのでスッキリ,5,男性,回答しない
ヒートテックタートルネックT（9分袖）,毎シーズン購入している定番品。薄くて暖かいので重ね着することで一冬を安心して過ごせます。１シーズン過ぎると首元が緩くなるので、緩くなったものは寝る時に使用し、この商品の生涯を閉じます。年々薄くなっているようで暖かさに不安は感じましたが、今年はＬサイズからＭサイズに変えたことで首元から逃げる熱が閉じ込められるのではないかと思います。,5,男性,60代以上
ヒートテックタートルネックT（9分袖）,去年、買いそびれていたのでこれからフル活用していきます！,5,男性,50代
ヒートテックタートルネックT（9分袖）,欲しくて欲しくてたまらなかった商品です。やっと着用できて、うれしいです。,5,男性,50代
